Council,City
AlpineS,Abbeyard
YarraC,Abbotsford
MooneeValleyC,Aberfeldie
BawBawS,Aberfeldy
MurrindindiS,Acheron
BawBawS,Ada
BassCoastS,AdamsEstate
BallaratC,Addington
CentralGoldfieldsS,AdelaideLead
SouthGippslandS,Agnes
YarriambiackS,Ailsa
ColacOtwayS,AireValley
SurfCoastS,AireysInlet
WellingtonS,Airly
MooneeValleyC,AirportWest
HindmarshS,Albacutya
YarriambiackS,Albacutya
BrimbankC,Albanvale
PortPhillipC,AlbertPark
WellingtonS,Alberton
WellingtonS,AlbertonWest
BrimbankC,Albion
MurrindindiS,Alexandra
BallaratC,Alfredton
BawBawS,Allambee
BawBawS,AllambeeReserve
SthGippslandS,AllambeeReserve
BawBawS,AllambeeSouth
SouthGippslandS,AllambeeSouth
IndigoS,AllansFlat
MoyneS,Allansford
WarrnamboolC,Allansford
HepburnS,Allendale
GlenelgS,Allestree
CentralGoldfieldsS,Alma
MoiraS,Almonds
BassCoastS,Almurta
DarebinC,Alphington
YarraC,Alphington
HobsonsBayC,Altona
HobsonsBayC,AltonaEast
HobsonsBayC,AltonaMeadows
HobsonsBayC,AltonaNorth
ColacOtwayS,Alvie
CorangamiteS,Alvie
CentralGoldfieldsS,Amherst
BawBawS,Amor
PyreneesS,Amphitheatre
GoldenPlainsS,Anakie
GreaterGeelongC,Anakie
MansfieldS,Ancona
BassCoastS,Anderson
YarriambiackS,Angip
EastGippslandS,AnglersRest
SurfCoastS,Anglesea
SwanHillRC,Annuello
HindmarshS,Antwerp
ColacOtwayS,ApolloBay
GannawarraS,Appin
GannawarraS,AppinPark
GannawarraS,AppinSouth
LoddonS,AppinSouth
WestWimmeraS,Apsley
HorshamRC,Arapiles
AraratRC,Ararat
SouthGippslandS,Arawata
WellingtonS,Arbuckle
GreaterSheppartonC,Arcadia
StrathbogieS,ArcadiaSouth
CentralGoldfieldsS,Archdale
NorthernGrampiansS,Archdale
CentralGoldfieldsS,ArchdaleJunction
NthnGrampiansS,ArchdaleJunction
BenallaRC,Archerton
WangarattaRC,Archerton
BassCoastS,ArchiesCreek
BrimbankC,Ardeer
GreaterSheppartonC,Ardmona
YarriambiackS,Areegra
GreaterBendigoC,Argyle
StonningtonC,Armadale
AraratRC,Armstrong
LoddonS,Arnold
LoddonS,ArnoldWest
NillumbikS,ArthursCreek
MorningtonPenS,ArthursSeat
BallaratC,Ascot
GreaterBendigoC,Ascot
MooneeValleyC,AscotVale
MacedonRangesS,Ashbourne
BoroondaraC,Ashburton
MonashC,Ashwood
KingstonC,Aspendale
KingstonC,AspendaleGardens
BawBawS,Athlone
HumeC,Attwood
YarriambiackS,Aubrey
BoroondaraC,Auburn
BoroondaraC,AuburnSouth
LoddonS,Auchmore
GreaterGeelongC,Avalon
MitchellS,Avenel
StrathbogieS,Avenel
PyreneesS,Avoca
NorthernGrampiansS,AvonPlains
MooneeValleyC,AvondaleHeights
GreaterBendigoC,Avonmore
CardiniaS,Avonsleigh
GreaterBendigoC,AxeCreek
GreaterBendigoC,Axedale
CorangamiteS,Ayrford
MoyneS,Ayrford
MooraboolS,BacchusMarsh
BenallaRC,Baddaginnie
StrathbogieS,Baddaginnie
YarraRangesS,BadgerCreek
GannawarraS,BaelBael
GreaterBendigoC,Bagshot
GreaterBendigoC,BagshotNorth
GlenelgS,Bahgallah
StrathbogieS,Bailieston
EastGippslandS,Bairnsdale
EastGippslandS,BairnsdaleEast
BallaratC,BakeryHill
PortPhillipC,Balaclava
BallaratC,BaldHills
HepburnS,BaldHills
ColacOtwayS,Balintore
MooraboolS,Ballan
MoyneS,Ballangeich
BulokeS,Ballapur
BallaratC,Ballarat
BallaratC,BallaratEast
CampaspeS,Ballendella
GreaterGeelongC,Balliang
MooraboolS,Balliang
MooraboolS,BalliangEast
AraratRC,Ballyrogan
PyreneesS,Ballyrogan
StrathbogieS,Balmattum
SouthernGrampiansS,Balmoral
MorningtonPeninsulaS,Balnarring
MorningtonPenS,BalnarringBeach
LatrobeC,Balook
WellingtonS,Balook
BoroondaraC,Balwyn
BoroondaraC,BalwynNorth
WhitehorseC,BalwynNorth
CampaspeS,Bamawm
CampaspeS,BamawmExtension
SurfCoastS,Bambra
GoldenPlainsS,Bamganie
WodongaRC,Bandiana
YarriambiackS,Bangerang
GreaterDandenongC,Bangholme
SwanHillRC,Bannerton
GoldenPlainsS,Bannockburn
BulokeS,Banyan
NorthernGrampiansS,Banyena
BulokeS,Banyenong
WodongaRC,Baranduda
GreaterGeelongC,Bareena
MountAlexanderS,Barfold
MountAlexanderS,Baringhup
MountAlexanderS,BaringhupWest
BenallaRC,Barjarg
MansfieldS,Barjarg
MountAlexanderS,BarkersCreek
NorthernGrampiansS,Barkly
PyreneesS,Barkly
MooraboolS,Barkstead
MoiraS,Barmah
GreaterBendigoC,Barnadown
IndigoS,Barnawartha
WodongaRC,BarnawarthaNorth
SouthGippslandS,Baromi
ColacOtwayS,Barongarook
ColacOtwayS,BarongarookWest
SurfCoastS,Barrabool
BulokeS,Barrakee
ColacOtwayS,Barramunga
LoddonS,Barraport
LoddonS,BarraportWest
MooraboolS,BarrysReef
GoldenPlainsS,BarunahPark
AlpineS,Barwidgee
MansfieldS,Barwite
ColacOtwayS,BarwonDowns
GreaterGeelongC,BarwonHeads
HepburnS,Basalt
BassCoastS,Bass
GoldenPlainsS,Batesford
GreaterGeelongC,Batesford
MoiraS,Bathumi
MorelandC,Batman
BawBawS,BawBaw
BawBawS,BawBawVillage
MorningtonPeninsulaS,Baxter
AraratRC,Bayindeen
CardiniaS,Bayles
MacedonRangesS,Baynton
MacedonRangesS,BayntonEast
KnoxC,Bayswater
MaroondahC,BayswaterNorth
CardiniaS,Beaconsfield
CaseyC,Beaconsfield
CardiniaS,BeaconsfieldUpper
CentralGoldfieldsS,Bealiba
LoddonS,Bealiba
MoiraS,Bearii
LoddonS,BearsLagoon
GannawarraS,Beauchamp
SwanHillRC,Beauchamp
PyreneesS,Beaufort
BaysideC,Beaumaris
NthnGrampiansS,BeazleysBridge
ColacOtwayS,Beeac
ColacOtwayS,BeechForest
IndigoS,Beechworth
YarraRangesS,Beenak
YarraRangesS,Belgrave
YarraRangesS,BelgraveHeights
YarraRangesS,BelgraveSouth
GreaterGeelongC,BellPark
GreaterGeelongC,BellPostHill
GreaterGeelongC,Bellarine
EastGippslandS,BellbirdCreek
SurfCoastS,Bellbrae
TowongS,Bellbridge
NorthernGrampiansS,Bellellen
BanyuleC,Bellfield
NorthernGrampiansS,Bellfield
SouthernGrampiansS,Bellfield
SurfCoastS,BellsBeach
GreaterGeelongC,Belmont
EastGippslandS,BemmRiver
SouthGippslandS,Bena
BenallaRC,Benalla
EastGippslandS,Benambra
WestWimmeraS,Benayeo
NillumbikS,BendofIslands
GreaterBendigoC,Bendigo
GreaterBendigoC,BendigoEast
GreaterBendigoC,BendigoNorth
GreaterBendigoC,BendigoWest
EastGippslandS,Bendoc
EastGippslandS,Bengworden
GannawarraS,Benjeroop
MacedonRangesS,Benloch
WhitehorseC,Bennettswood
SouthGippslandS,Bennison
GlenEiraC,Bentleigh
GlenEiraC,BentleighEast
SurfCoastS,Benwerrin
MooraboolS,Beremboke
LoddonS,Berrimal
GoldenPlainsS,Berringa
TowongS,Berringama
BulokeS,Berriwillock
CorangamiteS,Berrybank
GoldenPlainsS,Berrybank
SouthGippslandS,BerrysCreek
CaseyC,Berwick
GlenelgS,Bessiebelle
MoyneS,Bessiebelle
CentralGoldfieldsS,BetBet
EastGippslandS,BeteBolong
EastGippslandS,BeteBolongNorth
TowongS,Bethanga
CentralGoldfieldsS,Betley
YarriambiackS,Beulah
SwanHillRC,Beverford
MitchellS,Beveridge
WhittleseaC,Beveridge
HindmarshS,BigDesert
MilduraRC,BigDesert
WestWimmeraS,BigDesert
GreaterBendigoC,BigHill
SurfCoastS,BigHill
YarraRangesS,BigPatsCreek
TowongS,Biggara
WellingtonS,Billabong
BulokeS,Bimbourie
EastGippslandS,Bindi
SouthGippslandS,Binginwarri
WellingtonS,Binginwarri
EastGippslandS,BingoMunji
BulokeS,Birchip
BulokeS,BirchipWest
MilduraRC,Birdwoodton
ColacOtwayS,Birregurra
SurfCoastS,Birregurra
MorningtonPeninsulaS,Bittern
BallaratC,BlackHill
AraratRC,BlackRange
NorthernGrampiansS,BlackRange
BaysideC,BlackRock
WhitehorseC,Blackburn
WhitehorseC,BlackburnNorth
WhitehorseC,BlackburnSouth
HorshamRC,Blackheath
WellingtonS,Blackwarry
MooraboolS,Blackwood
BassCoastS,BlackwoodForest
HepburnS,BlackwoodNorth
MorningtonPeninsulaS,Blairgowrie
MooraboolS,Blakeville
HepburnS,Blampied
CaseyC,BlindBight
BallaratC,Blowhard
BallaratC,BoPeep
PyreneesS,BoPeep
WangarattaRC,Bobinawarrah
SouthernGrampiansS,Bochara
AlpineS,Bogong
StrathbogieS,Boho
BenallaRC,BohoSouth
StrathbogieS,BohoSouth
BulokeS,Boigbeat
MilduraRC,Boinka
WellingtonS,Boisdale
NorthernGrampiansS,Bolangum
MacedonRangesS,Bolinda
SwanHillRC,Bolton
GlenelgS,Bolwarra
MooraboolS,Bolwarrah
BawBawS,BonaVista
EastGippslandS,Bonang
KingstonC,Bonbeach
WodongaRC,Bonegilla
MorningtonPeninsulaS,Boneo
BenallaRC,BonnieDoon
MansfieldS,BonnieDoon
BallaratC,Bonshaw
CorangamiteS,Bookaar
BawBawS,Boola
LatrobeC,Boola
SouthGippslandS,Boolarong
LatrobeC,Boolarra
SouthGippslandS,Boolarra
LatrobeC,BoolarraSouth
SouthGippslandS,BoolarraSouth
EastGippslandS,BoolePoole
YarriambiackS,Boolite
MoiraS,Boomahnoomoonah
SurfCoastS,Boonah
CorangamiteS,Boorcan
WangarattaRC,Boorhaman
WangarattaRC,BoorhamanEast
WangarattaRC,BoorhamanNorth
MansfieldS,Boorolite
SouthGippslandS,Boorool
LoddonS,Boort
MoiraS,Boosey
WangarattaRC,Boralma
AraratRC,BornesHill
KnoxC,Boronia
LoddonS,Borung
CorangamiteS,BostockCreek
SwanHillRC,BoundaryBend
CentralGoldfieldsS,Bowenvale
BenallaRC,Boweya
WangarattaRC,Boweya
MoiraS,BoweyaNorth
WangarattaRC,BowmansForest
WangarattaRC,Bowser
WhitehorseC,BoxHill
WhitehorseC,BoxHillNorth
WhitehorseC,BoxHillSouth
BenallaRC,Boxwood
GreaterSheppartonC,Boxwood
MountAlexanderS,Bradford
CorangamiteS,Bradvale
KingstonC,Braeside
GreaterSheppartonC,Branditt
BawBawS,BrandyCreek
GlenelgS,Branxholme
SouthernGrampiansS,Branxholme
BawBawS,Bravington
MaribyrnongC,Braybrook
GlenelgS,BreakawayCreek
GreaterGeelongC,Breakwater
MoyneS,BreakwaterCreek
GreaterGeelongC,Breamlea
SurfCoastS,Breamlea
LoddonS,Brenanah
PyreneesS,Brewster
WellingtonS,Briagolong
BanyuleC,BriarHill
NillumbikS,BriarHill
BenallaRC,BridgeCreek
MansfieldS,BridgeCreek
NorthernGrampiansS,BridgeInn
LoddonS,Bridgewater
LoddonS,BridgewaterNorth
LoddonS,BridgewateronLondon
AlpineS,Bright
BaysideC,Brighton
BaysideC,BrightonEast
GlenEiraC,BrightonEast
YarriambiackS,Brim
GlenelgS,Brimboal
IndigoS,Brimin
HorshamRC,Brimpaen
NorthernGrampiansS,Brimpaen
WestWimmeraS,Bringalbert
SouthernGrampiansS,BritBrit
MitchellS,Broadford
EastGippslandS,Broadlands
HumeC,Broadmeadows
MoyneS,Broadwater
EastGippslandS,BrodribbRiver
BenallaRC,BrokenCreek
CentralGoldfieldsS,Bromley
MeltonS,Brookfield
BrimbankC,Brooklyn
HobsonsBayC,Brooklyn
MaribyrnongC,Brooklyn
EastGippslandS,Brookville
HepburnS,Broomfield
HindmarshS,Broughton
WestWimmeraS,Broughton
BallaratC,BrownHill
IndigoS,BrownsPlains
IndigoS,Bruarong
WhittleseaC,BrucesCreek
CorangamiteS,Brucknell
MoyneS,Brucknell
MorelandC,Brunswick
MorelandC,BrunswickEast
MorelandC,BrunswickWest
EastGippslandS,Bruthen
AraratRC,Buangor
PyreneesS,Buangor
EastGippslandS,Buchan
EastGippslandS,BuchanSouth
AlpineS,Buckland
SurfCoastS,Buckley
SthnGrampiansS,BuckleySwamp
BulokeS,Buckrabanyule
LoddonS,Buckrabanyule
WellingtonS,BudgeeBudgee
LatrobeC,Budgeree
GannawarraS,BudgerumEast
SouthGippslandS,Buffalo
AlpineS,BuffaloCreek
AlpineS,BuffaloRiver
SouthernGrampiansS,Bulart
EastGippslandS,Buldah
SwanHillRC,Bulga
NorthernGrampiansS,Bulgana
HumeC,Bulla
CorangamiteS,Bullaharre
HepburnS,Bullarook
MooraboolS,Bullarook
HepburnS,Bullarto
HepburnS,BullartoSouth
MooraboolS,BullartoSouth
ManninghamC,Bulleen
MacedonRangesS,Bullengarook
TowongS,Bullioh
EastGippslandS,Bullumwaal
BawBawS,BulnBuln
BawBawS,BulnBulnEast
EastGippslandS,Bumberrah
GreaterSheppartonC,Bunbartha
WellingtonS,Bundalaguah
MoiraS,Bundalong
MoiraS,BundalongSouth
EastGippslandS,Bundara
MooraboolS,Bunding
BanyuleC,Bundoora
DarebinC,Bundoora
WhittleseaC,Bundoora
CentralGoldfieldsS,BungBong
PyreneesS,BungBong
ColacOtwayS,Bungador
MooraboolS,Bungal
HorshamRC,Bungalally
MooraboolS,Bungaree
BenallaRC,Bungeet
BenallaRC,BungeetWest
TowongS,Bungil
BulokeS,Bunguluke
BallaratC,Buninyong
MooraboolS,Buninyong
BallaratC,BunkersHill
CardiniaS,Bunyip
CardiniaS,BunyipNorth
WellingtonS,Buragwonduc
GannawarraS,BurkesBridge
LoddonS,BurkesFlat
PyreneesS,Burnbank
CampaspeS,Burnewang
YarraC,Burnley
MeltonS,Burnside
MeltonS,BurnsideHeights
MoiraS,Burramine
MoiraS,BurramineSouth
TowongS,Burrowyne
BallaratC,Burrumbeet
PyreneesS,Burrumbeet
BoroondaraC,Burwood
MonashC,Burwood
WhitehorseC,Burwood
WhitehorseC,BurwoodEast
MoyneS,Bushfield
WarrnamboolC,Bushfield
WellingtonS,BushyPark
EastGippslandS,ButchersRidge
MurrindindiS,Buxton
GlenelgS,Byaduk
MoyneS,Byaduk
SouthernGrampiansS,Byaduk
SthnGrampiansS,ByadukNorth
WangarattaRC,Byawatha
MacedonRangesS,Bylands
MitchellS,Bylands
GreaterSheppartonC,Byrneside
EastGippslandS,Cabanandra
MilduraRC,Cabarita
HepburnS,CabbageTree
EastGippslandS,CabbageTreeCreek
BrimbankC,Cairnlea
BrimbankC,CalderPark
CardiniaS,Caldermeade
GreaterBendigoC,CaliforniaGully
LoddonS,Calivil
NorthernGrampiansS,Callawadda
LatrobeC,Callignee
WellingtonS,CalligneeNorth
WellingtonS,CalligneeSouth
WellingtonS,Calrossie
EastGippslandS,Calulu
YarraRangesS,Cambarville
BoroondaraC,Camberwell
BoroondaraC,CamberwellEast
GoldenPlainsS,CambrianHill
CampaspeS,CampaspeWest
HumeC,Campbellfield
NthnGrampiansS,CampbellsBridge
MtAlexanderS,CampbellsCreek
LoddonS,CampbellsForest
CentralGoldfieldsS,Campbelltown
HepburnS,Campbelltown
MountAlexanderS,Campbelltown
CorangamiteS,Camperdown
BallaratC,Canadian
LoddonS,CanaryIsland
GreaterSheppartonC,Caniambo
EastGippslandS,CannRiver
GannawarraS,Cannie
CaseyC,CannonsCreek
YarriambiackS,Cannum
BoroondaraC,Canterbury
GlenelgS,CapeBridgewater
GoldenPlainsS,CapeClear
EastGippslandS,CapeConran
ColacOtwayS,CapeOtway
BassCoastS,CapePaterson
MorningtonPenS,CapeSchanck
BassCoastS,CapeWoolamai
GannawarraS,CapelsCrossing
CampaspeS,CaragCarag
CentralGoldfieldsS,Caralulup
MoyneS,Caramut
SouthernGrampiansS,Caramut
NorthernGrampiansS,Carapooee
NthnGrampiansS,CarapooeeWest
GlenelgS,Carapook
SouthernGrampiansS,Carapook
WangarattaRC,Carboor
BallaratC,Cardigan
BallaratC,CardiganVillage
CardiniaS,Cardinia
MilduraRC,Cardross
MooraboolS,Cargerie
MilduraRC,Carina
BawBawS,Caringal
CentralGoldfieldsS,Carisbrook
MountAlexanderS,Carisbrook
ColacOtwayS,CarlisleRiver
CorangamiteS,CarlisleRiver
MacedonRangesS,Carlsruhe
MelbourneC,Carlton
MelbourneC,CarltonNorth
YarraC,CarltonNorth
IndigoS,Carlyle
GlenEiraC,Carnegie
PyreneesS,Carngham
MeltonS,CarolineSprings
ColacOtwayS,Carpendeit
CorangamiteS,Carpendeit
WellingtonS,Carrajung
WellingtonS,CarrajungLower
WellingtonS,CarrajungSouth
AraratRC,Carranballac
PyreneesS,Carranballac
BulokeS,Carron
KingstonC,Carrum
FrankstonC,CarrumDowns
MilduraRC,Carwarp
GlenelgS,Cashmore
EastGippslandS,Cassilis
MurrindindiS,Castella
GlenelgS,Casterton
WodongaRC,CastleCreek
SwanHillRC,CastleDonnington
WellingtonS,Castleburn
MountAlexanderS,Castlemaine
CardiniaS,Catani
AraratRC,Cathcart
MurrindindiS,Cathkin
LoddonS,Catumnal
GlenEiraC,Caulfield
GlenEiraC,CaulfieldEast
GlenEiraC,CaulfieldNorth
GlenEiraC,CaulfieldSouth
MurrindindiS,Caveat
SouthernGrampiansS,Cavendish
GreaterGeelongC,Ceres
MonashC,Chadstone
EastGippslandS,ChandlersCreek
BallaratC,ChapelFlat
ColacOtwayS,ChappleVale
CorangamiteS,ChappleVale
WestWimmeraS,Charam
IndigoS,Charleroi
BulokeS,Charlton
AraratRC,Chatsworth
MoyneS,Chatsworth
KingstonC,Chelsea
KingstonC,ChelseaHeights
BaysideC,Cheltenham
KingstonC,Cheltenham
PyreneesS,Chepstowe
MacedonRangesS,Cherokee
WellingtonS,Cherrilong
NorthernGrampiansS,Cherrypool
SouthernGrampiansS,Cherrypool
WangarattaRC,Cheshunt
WangarattaRC,CheshuntSouth
BenallaRC,ChesneyVale
GlenelgS,Chetwynd
WestWimmeraS,Chetwynd
MurrindindiS,Cheviot
MountAlexanderS,Chewton
MtAlexanderS,ChewtonBushlands
BawBawS,Childers
SwanHillRC,Chillingollah
IndigoS,Chiltern
IndigoS,ChilternValley
SwanHillRC,Chinangin
SwanHillRC,Chinkapook
MacedonRangesS,Chintin
YarraRangesS,ChirnsidePark
BulokeS,Chirrup
CorangamiteS,Chocolyn
WellingtonS,Christies
NillumbikS,ChristmasHills
YarraRangesS,ChumCreek
LatrobeC,Churchill
BassCoastS,ChurchillIsland
PyreneesS,Chute
MooraboolS,Clarendon
MooraboolS,Claretown
KingstonC,Clarinda
HumeC,Clarkefield
MacedonRangesS,Clarkefield
MooraboolS,ClarkesHill
MonashC,Clayton
KingstonC,ClaytonSouth
HorshamRC,ClearLake
CardiniaS,Clematis
YarraRangesS,Clematis
EastGippslandS,CliftonCreek
YarraC,CliftonHill
GreaterGeelongC,CliftonSprings
MitchellS,Clonbinane
GlenelgS,CloverFlat
SouthernGrampiansS,CloverFlat
BawBawS,Cloverlea
EastGippslandS,ClubTerrace
HepburnS,Clunes
CaseyC,Clyde
CaseyC,ClydeNorth
WellingtonS,Clydebank
HepburnS,Clydesdale
BawBawS,Coalville
GlenEiraC,Coatesville
WellingtonS,Cobains
MacedonRangesS,Cobaw
EastGippslandS,Cobbannah
EastGippslandS,Cobberas
CorangamiteS,Cobden
MoiraS,Cobram
MoiraS,CobramEast
CorangamiteS,Cobrico
AlpineS,Cobungra
EastGippslandS,Cobungra
DarebinC,Coburg
MorelandC,Coburg
DarebinC,CoburgNorth
MorelandC,CoburgNorth
SwanHillRC,Cocamba
LoddonS,CochranesCreek
CardiniaS,Cockatoo
WyndhamC,Cocoroc
MoyneS,Codrington
BallaratC,CoghillsCreek
GannawarraS,Cohuna
MooraboolS,Coimadai
BulokeS,Cokum
ColacOtwayS,Colac
TowongS,ColacColac
ColacOtwayS,ColacEast
ColacOtwayS,ColacWest
CampaspeS,Colbinabbin
MooraboolS,Colbrook
YarraRangesS,Coldstream
SouthernGrampiansS,Coleraine
MilduraRC,Colignan
YarraC,Collingwood
GreaterSheppartonC,Colliver
EastGippslandS,Combienbar
NorthernGrampiansS,Concongella
GlenelgS,Condah
MoyneS,CondahSwamp
GreaterSheppartonC,Congupna
GreaterGeelongC,Connewarre
SurfCoastS,Connewarre
WestWimmeraS,Connewirrecoo
SouthernGrampiansS,Coojar
HumeC,Coolaroo
GreaterSheppartonC,Cooma
GreaterSheppartonC,Coomboona
HepburnS,Coomoora
WellingtonS,Coongulla
BulokeS,CoonooerBridge
LoddonS,CoonooerBridge
NthnGrampiansS,CoonooerBridge
NthnGrampiansS,CoonooerWest
BawBawS,CoopersCreek
CorangamiteS,Cooriemungle
BulokeS,CopeCope
NorthernGrampiansS,CopeCope
CardiniaS,CoraLynn
BulokeS,Corack
BulokeS,CorackEast
ColacOtwayS,Coragulac
AlpineS,CoralBank
GoldenPlainsS,Corindhap
BassCoastS,Corinella
GreaterGeelongC,Corio
GlenelgS,Corndale
CampaspeS,Cornella
IndigoS,Cornishtown
BassCoastS,CoronetBay
CampaspeS,Corop
ColacOtwayS,Cororooke
EastGippslandS,Corringle
TowongS,Corryong
ColacOtwayS,Corunnun
GreaterSheppartonC,Cosgrove
GreaterSheppartonC,CosgroveSouth
GreaterBendigoC,Costerfield
BoroondaraC,Cotham
CentralGoldfieldsS,Cotswold
NillumbikS,CottlesBridge
WellingtonS,Cowa
MilduraRC,Cowangie
BassCoastS,Cowes
CorangamiteS,CowleysCreek
LatrobeC,Cowwarr
WellingtonS,Cowwarr
CentralGoldfieldsS,Craigie
HumeC,Craigieburn
CaseyC,Cranbourne
CaseyC,CranbourneEast
CaseyC,CranbourneNorth
CaseyC,CranbourneSouth
CaseyC,CranbourneWest
BenallaRC,CreekJunction
MansfieldS,CreekJunction
StrathbogieS,CreekJunction
CampaspeS,CreekView
StrathbogieS,Creighton
StrathbogieS,CreightonsCreek
YarraC,Cresmorne
ColacOtwayS,Cressy
CorangamiteS,Cressy
GoldenPlainsS,Cressy
BallaratC,Creswick
HepburnS,Creswick
HepburnS,CreswickNorth
MorningtonPeninsulaS,CribPoint
BaysideC,Cromer
WellingtonS,Crookayan
WellingtonS,CrookedRiver
PyreneesS,CrossRoads
MoyneS,Crossley
BawBawS,Crossover
AraratRC,Crowlands
NorthernGrampiansS,Crowlands
PyreneesS,Crowlands
SouthernGrampiansS,CroxtonEast
MaroondahC,Croydon
MaroondahC,CroydonHills
MaroondahC,CroydonNorth
MaroondahC,CroydonSouth
HindmarshS,Crymelon
YarriambiackS,Crymelon
MoyneS,Cudgee
TowongS,Cudgewa
BulokeS,Culgoa
SouthernGrampiansS,Culla
GannawarraS,Cullen
MilduraRC,Cullulleraine
ColacOtwayS,Cundare
ColacOtwayS,CundareNorth
CorangamiteS,CundareNorth
CorangamiteS,CurdieVale
MoyneS,CurdieVale
CorangamiteS,CurdiesRiver
GreaterGeelongC,Curlewis
BulokeS,Curyo
HorshamRC,DadswellsBridge
NthnGrampiansS,DadswellsBridge
CentralGoldfieldsS,DaisyHill
MooraboolS,DalesCreek
HumeC,Dallas
CardiniaS,Dalmore
GannawarraS,DaltonsBridge
NorthernGrampiansS,Dalyenong
BassCoastS,Dalyston
GreaterDandenongC,Dandenong
GrDandenongC,DandenongNorth
GrDandenongC,DandenongSouth
AlpineS,Dandongadale
AlpineS,Dargo
WellingtonS,Dargo
NorthernGrampiansS,Darkbonee
MooraboolS,Darley
LatrobeC,Darlimurla
SouthGippslandS,Darlimurla
CorangamiteS,Darlington
MoyneS,Darlington
BawBawS,Darnum
MacedonRangesS,DarraweitGuim
WellingtonS,Darriman
GlenelgS,Dartmoor
EastGippslandS,Dartmouth
TowongS,Dartmouth
WellingtonS,Dawson
HepburnS,Daylesford
HepburnS,Dean
SurfCoastS,DeansMarsh
EastGippslandS,DeddickValley
AlpineS,Dederang
NorthernGrampiansS,DeepLead
BrimbankC,DeerPark
BallaratC,Delacombe
BrimbankC,Delahey
MansfieldS,Delatite
BawBawS,Delburn
LatrobeC,Delburn
SouthGippslandS,Delburn
EastGippslandS,DelegateRiverEast
EastGippslandS,Dellicknora
BaysideC,Dendy
AraratRC,DenicullCreek
WellingtonS,Denison
MoyneS,Dennington
WarrnamboolC,Dennington
HepburnS,Denver
MacedonRangesS,Denver
EastGippslandS,Deptford
LoddonS,Derby
GoldenPlainsS,Dereel
GlenelgS,Dergholm
WestWimmeraS,Dergholm
BrimbankC,Derrimut
GreaterBendigoC,Derrinal
CorangamiteS,Derrinallum
BenallaRC,Devenish
MurrindindiS,DevilsRiver
CaseyC,DevonMeadows
WellingtonS,DevonNorth
CardiniaS,Dewhurst
GreaterSheppartonC,Dhurringile
NillumbikS,DiamondCreek
GreaterBendigoC,DiamondHill
GlenelgS,Digby
HumeC,DiggersRest
MeltonS,DiggersRest
CampaspeS,Diggora
HindmarshS,Dimboola
CampaspeS,Dingee
LoddonS,Dingee
KingstonC,DingleyVillage
GannawarraS,Dingwall
AlpineS,DinnerPlain
CorangamiteS,Dixie
YarraRangesS,DixonsCreek
AraratRC,Dobie
WangarattaRC,Docker
WangarattaRC,DockersPlains
MelbourneC,Docklands
EastGippslandS,DoctorsFlat
SouthGippslandS,Dollar
YarraRangesS,DonValley
BulokeS,Donald
ManninghamC,Doncaster
ManninghamC,DoncasterEast
WhittleseaC,Donnybrook
ManninghamC,Donvale
BulokeS,Dooboobetic
HorshamRC,Dooen
GreaterSheppartonC,Dookie
GreaterSheppartonC,DookieCollege
NillumbikS,Doreen
WhittleseaC,Doreen
WestWimmeraS,Dorodong
EastGippslandS,DoubleBridges
HorshamRC,Douglas
WestWimmeraS,Douglas
CaseyC,Doveton
ColacOtwayS,Dreeite
CorangamiteS,Dreeite
ColacOtwayS,DreeiteSouth
CorangamiteS,DreeiteSouth
BawBawS,Driffield
LatrobeC,Driffield
GlenelgS,DrikDrik
MorningtonPeninsulaS,Dromana
MurrindindiS,Dropmore
BawBawS,Drouin
BawBawS,DrouinEast
BawBawS,DrouinSouth
BawBawS,DrouinWest
MoiraS,Drumanure
GlenelgS,Drumborg
GreaterGeelongC,Drumcondra
CampaspeS,Drummartin
GreaterBendigoC,Drummartin
HepburnS,Drummond
MacedonRangesS,Drummond
HepburnS,DrummondNorth
MacedonRangesS,DrummondNorth
MtAlexanderS,DrummondNorth
HorshamRC,Drung
HepburnS,DryDiggings
GreaterGeelongC,Drysdale
HorshamRC,Duchembegarra
BassCoastS,DudleySouth
SouthGippslandS,Dumbalk
SouthGippslandS,DumbalkNorth
BulokeS,Dumosa
CentralGoldfieldsS,Dunach
HepburnS,Dunach
MoyneS,Dundonnell
GreaterDandenongC,Dunearn
AraratRC,Dunkeld
SouthernGrampiansS,Dunkeld
GreaterSheppartonC,Dunkirk
CentralGoldfieldsS,Dunluce
AraratRC,Dunneworthy
NthnGrampiansS,Dunneworthy
MooraboolS,Dunnstown
CentralGoldfieldsS,Dunolly
LoddonS,Dunolly
GlenelgS,Dunrobin
GoldenPlainsS,Durdidwarrah
BallaratC,DurhamLead
GoldenPlainsS,DurhamLead
MooraboolS,DurhamLead
LoddonS,DurhamOx
WellingtonS,Dutson
WellingtonS,DutsonDowns
GlenelgS,DuttonWay
CorangamiteS,Duverney
MitchellS,Dysart
EastGippslandS,EaglePoint
GreaterBendigoC,Eaglehawk
GrBendigoC,EaglehawkNorth
BanyuleC,Eaglemont
StrathbogieS,Earlston
MelbourneC,EastMelbourne
SurfCoastS,EasternView
LoddonS,Eastville
MountAlexanderS,Eastville
WodongaRC,Ebden
CampaspeS,Echuca
CampaspeS,EchucaVillage
CampaspeS,EchucaWest
CorangamiteS,EcklinSouth
MoyneS,EcklinSouth
CentralGoldfieldsS,Eddington
LoddonS,Eddington
MountAlexanderS,Eddington
WhittleseaC,EdenPark
WestWimmeraS,Edenhope
MacedonRangesS,Edgecombe
WangarattaRC,Edi
WangarattaRC,EdiUpper
KingstonC,Edithvale
HepburnS,Eganstown
MansfieldS,Eildon
MurrindindiS,Eildon
MooraboolS,Elaine
NorthernGrampiansS,Elberton
WangarattaRC,Eldorado
HepburnS,ElevatedPlains
CorangamiteS,Elingamite
CorangamiteS,ElingamiteNorth
EastGippslandS,Ellaswood
MoyneS,Ellerslie
ColacOtwayS,Elliminyt
BawBawS,Ellinbank
AraratRC,Elmhurst
PyreneesS,Elmhurst
CampaspeS,Elmore
GreaterBendigoC,Elmore
MountAlexanderS,Elphinstone
GlenEiraC,Elsternwick
BanyuleC,Eltham
NillumbikS,Eltham
BanyuleC,ElthamNorth
NillumbikS,ElthamNorth
PortPhillipC,Elwood
CardiniaS,Emerald
YarraRangesS,Emerald
CentralGoldfieldsS,Emu
LoddonS,Emu
NorthernGrampiansS,Emu
GreaterBendigoC,EmuCreek
MitchellS,EmuFlat
CaseyC,EndeavourHills
GoldenPlainsS,Enfield
SouthernGrampiansS,Englefield
EastGippslandS,Ensay
EastGippslandS,EnsayNorth
GreaterBendigoC,Eppalock
WhittleseaC,Epping
GreaterBendigoC,Epsom
BallaratC,Ercildoune
PyreneesS,Ercildoune
BawBawS,Erica
EastGippslandS,Erinunderra
TowongS,Eskdale
MoiraS,Esmond
MooneeValleyC,Essendon
MooneeValleyC,EssendonNorth
MooneeValleyC,EssendonWest
CaseyC,Eumemmerring
ColacOtwayS,Eurack
BallaratC,Eureka
StrathbogieS,Euroa
AlpineS,Eurobin
HepburnS,Evansford
PyreneesS,Evansford
AraratRC,Eversley
PyreneesS,Eversley
WangarattaRC,Everton
WangarattaRC,EvertonUpper
MeltonS,Exford
MeltonS,Eynesbury
WyndhamC,Eynesbury
SouthGippslandS,Fairbank
DarebinC,Fairfield
YarraC,Fairfield
SurfCoastS,Fairhaven
GannawarraS,Fairley
CampaspeS,FairyDell
EastGippslandS,FairyDell
AlpineS,FallsCreek
MountAlexanderS,Faraday
MurrindindiS,Fawcett
HumeC,Fawkner
MorelandC,Fawkner
LoddonS,FentonsCreek
ColacOtwayS,Ferguson
HepburnS,FernHill
MacedonRangesS,FernHill
EastGippslandS,Fernbank
WellingtonS,Fernbank
BawBawS,Ferndale
LoddonS,Fernihurst
YarraRangesS,Fernshaw
KnoxC,FerntreeGully
YarraRangesS,FernyCreek
LoddonS,FieryFlat
MorningtonPeninsulaS,Fingal
SouthGippslandS,FishCreek
SwanHillRC,FishPoint
MooraboolS,Fiskville
YarraC,Fitzroy
MorelandC,FitzroyNorth
YarraC,FitzroyNorth
EastGippslandS,FlaggyCreek
CentralGoldfieldsS,Flagstaff
WellingtonS,FlamingoBeach
MelbourneC,Flemington
MooneeValleyC,Flemington
MorningtonPeninsulaS,Flinders
GreaterBendigoC,FloraHill
MitchellS,Flowerdale
MurrindindiS,Flowerdale
LatrobeC,Flynn
WellingtonS,Flynn
LatrobeC,FlynnsCreek
WellingtonS,FlynnsCreek
MaribyrnongC,Footscray
MaribyrnongC,FootscrayWest
MitchellS,Forbes
WhitehorseC,ForestHill
EastGippslandS,ForgeCreek
ColacOtwayS,Forrest
SouthGippslandS,Foster
SouthGippslandS,FosterNorth
GreaterBendigoC,Fosterville
CaseyC,FountainGate
CorangamiteS,Foxhow
MoyneS,Framlingham
MoyneS,FramlinghamEast
HepburnS,Franklinford
MountAlexanderS,Franklinford
FrankstonC,Frankston
FrankstonC,FrankstonNorth
FrankstonC,FrankstonSouth
AlpineS,Freeburgh
PyreneesS,Frenchmans
SurfCoastS,FreshwaterCreek
MountAlexanderS,Fryerstown
WellingtonS,Fulham
BawBawS,Fumina
BawBawS,FuminaSouth
NorthernGrampiansS,FyansCreek
GreaterGeelongC,Fyansford
MansfieldS,GaffneysCreek
BawBawS,Gainsborough
GannawarraS,Gannawarra
AlpineS,Gapsted
PortPhillipC,GardenCity
GlenEiraC,Gardenvale
CardiniaS,Garfield
CardiniaS,GarfieldNorth
GoldenPlainsS,Garibaldi
CorangamiteS,Garvoc
MoyneS,Garvoc
WodongaRC,GatewayIsland
SouthernGrampiansS,Gatum
MoyneS,Gazette
SouthernGrampiansS,Gazette
GreaterGeelongC,Geelong
GreaterGeelongC,GeelongEast
GreaterGeelongC,GeelongNorth
GreaterGeelongC,GeelongSouth
GreaterGeelongC,GeelongWest
EastGippslandS,Gelantipy
ColacOtwayS,Gellibrand
ColacOtwayS,GellibrandLower
CorangamiteS,GellibrandLower
WellingtonS,Gelliondale
CardiniaS,Gembrook
EastGippslandS,Genoa
BawBawS,GentleAnnie
TowongS,GeorgesCreek
SwanHillRC,Gerahmin
HindmarshS,GerangGerung
ColacOtwayS,Gerangamete
NorthernGrampiansS,Germania
AlpineS,Germantown
MoyneS,Gerrigerrup
SurfCoastS,Gherang
GoldenPlainsS,Gheringhap
MurrindindiS,GhinGhin
WellingtonS,Giffard
WellingtonS,GiffardWest
BulokeS,GilGil
YarraRangesS,Gilderoy
GreaterSheppartonC,Gillieston
WellingtonS,Gillum
EastGippslandS,GipsyPoint
CampaspeS,Girgarre
GreaterSheppartonC,GirgarreEast
MacedonRangesS,Gisborne
MacedonRangesS,GisborneSouth
LoddonS,Gladfield
HumeC,GladstonePark
YarraRangesS,Gladysdale
BassCoastS,GlenAlvie
AlpineS,GlenCreek
WellingtonS,GlenFalloch
BassCoastS,GlenForbes
GlenEiraC,GlenHuntly
BoroondaraC,GlenIris
StonningtonC,GlenIris
BallaratC,GlenPark
MooraboolS,GlenPark
EastGippslandS,GlenValley
MonashC,GlenWaverely
EastGippslandS,GlenWills
ColacOtwayS,Glenaire
EastGippslandS,Glenaladale
LoddonS,Glenalbyn
MitchellS,Glenaroua
PyreneesS,Glenbrae
MurrindindiS,Glenburn
BallaratC,Glendaruel
BallaratC,Glendonnel
BoroondaraC,GlenferrieSouth
CorangamiteS,Glenfyne
BrimbankC,Glengara
LatrobeC,Glengarry
WellingtonS,Glengarry
BawBawS,GlengarryNorth
LatrobeC,GlengarryNorth
LatrobeC,GlengarryWest
CentralGoldfieldsS,Glengower
HepburnS,Glengower
MacedonRangesS,Glenhope
MitchellS,Glenhope
MitchellS,GlenhopeEast
NorthernGrampiansS,Glenisla
SouthernGrampiansS,Glenisla
HindmarshS,Glenlee
PyreneesS,Glenlofty
AraratRC,Glenlogie
PyreneesS,Glenlogie
BulokeS,Glenloth
BulokeS,GlenlothEast
LoddonS,GlenlothEast
MountAlexanderS,Glenluce
HepburnS,Glenlyon
WellingtonS,Glenmaggie
MooraboolS,Glenmore
NorthernGrampiansS,Glenorchy
CorangamiteS,GlenormistonNorth
MoyneS,GlenormistonNorth
CorangamiteS,GlenormistonSouth
PyreneesS,Glenpatrick
BenallaRC,Glenrowan
WangarattaRC,Glenrowan
BenallaRC,GlenrowanWest
MorelandC,Glenroy
AraratRC,Glenthompson
SthnGrampiansS,Glenthompson
WellingtonS,GlomarBeach
SurfCoastS,Gnarwarre
CorangamiteS,Gnotuk
MurrindindiS,Gobur
WellingtonS,GoldenBeach
GreaterBendigoC,GoldenGully
BallaratC,GoldenPoint
CentralGoldfieldsS,GoldenPoint
MountAlexanderS,GoldenPoint
GreaterBendigoC,GoldenSquare
MacedonRangesS,Goldie
CentralGoldfieldsS,Goldsborough
LoddonS,Goldsborough
BallaratC,GongGong
GannawarraS,GonnCrossing
BenallaRC,Goomalibee
EastGippslandS,GoonNure
EastGippslandS,Goongerah
MurrindindiS,Gooram
StrathbogieS,Gooram
IndigoS,Gooramadda
BenallaRC,Goorambat
GreaterBendigoC,Goornong
NorthernGrampiansS,Gooroc
GlenelgS,Gorae
GlenelgS,GoraeWest
MooraboolS,Gordon
WellingtonS,Gormandale
WestWimmeraS,Goroke
SwanHillRC,Goschen
MansfieldS,GoughsBay
StrathbogieS,GoulburnWeir
MorelandC,Gowanbrae
SwanHillRC,Gowanford
GreaterSheppartonC,Gowangardie
LoddonS,GowarEast
NorthernGrampiansS,GowarEast
MountAlexanderS,Gower
GreaterSheppartonC,Grahamvale
SouthernGrampiansS,Grampians
LatrobeC,GrandRidge
WellingtonS,GrandRidge
BulokeS,GraniteFlat
EastGippslandS,GraniteRock
BassCoastS,Grantville
TowongS,Granya
HorshamRC,GrassFlat
WestWimmeraS,GrassFlat
GlenelgS,Grassdale
MoyneS,Grassmere
NorthernGrampiansS,GraysBridge
StrathbogieS,Graytown
NorthernGrampiansS,GreGre
NthnGrampiansS,GreGreNorth
NthnGrampiansS,GreGreSouth
IndigoS,GreatNorthern
AraratRC,GreatWestern
NthnGrampiansS,GreatWestern
GannawarraS,Gredgwin
LoddonS,Gredgwin
MountAlexanderS,GreenGully
HorshamRC,GreenLake
MooraboolS,Greendale
MacedonRangesS,Greenhill
MountAlexanderS,Greenhill
HorshamRC,GreenlandDam
WellingtonS,Greenmount
NthnGrampiansS,GreensCreek
BanyuleC,Greensborough
NillumbikS,Greensborough
HumeC,Greenvale
GlenelgS,Greenwald
GoldenPlainsS,Grenville
MooraboolS,Grenville
WangarattaRC,Greta
WangarattaRC,GretaSouth
BenallaRC,GretaWest
WangarattaRC,GretaWest
ColacOtwayS,GreyRiver
BoroondaraC,Greythorn
SthnGrampiansS,Gringegalgona
SouthernGrampiansS,Gritjurk
GreaterGeelongC,Grovedale
YarraRangesS,Gruyere
HepburnS,Guildford
MountAlexanderS,Guildford
CampaspeS,Gunbower
AlpineS,Gundowring
IndigoS,Gundowring
SouthGippslandS,Gunyah
TowongS,GuysForest
CardiniaS,GuysHill
WestWimmeraS,Gymbowen
GoldenPlainsS,Haddon
MorelandC,Hadfield
CaseyC,Hallam
BawBawS,Hallora
AraratRC,HallsGap
NorthernGrampiansS,HallsGap
BawBawS,Hallston
SouthGippslandS,Hallston
SouthernGrampiansS,Hamilton
GreaterGeelongC,HamlynHeights
BaysideC,Hampton
BaysideC,HamptonEast
CaseyC,HamptonPark
MacedonRangesS,HangingRock
WangarattaRC,Hansonville
GoldenPlainsS,HappyValley
SwanHillRC,HappyValley
MountAlexanderS,Harcourt
GreaterBendigoC,HarcourtNorth
MountAlexanderS,HarcourtNorth
CaseyC,Harkaway
BassCoastS,HarmersHaven
AlpineS,Harrietville
SouthernGrampiansS,Harrow
WestWimmeraS,Harrow
CampaspeS,Harston
GreaterSheppartonC,Harston
BoroondaraC,Hartwell
MorningtonPeninsulaS,Hastings
MilduraRC,Hattah
CentralGoldfieldsS,Havelock
HorshamRC,Haven
AlpineS,Havilah
MoyneS,Hawkesdale
WellingtonS,Hawkhurst
StonningtonC,Hawksburn
BoroondaraC,Hawthorn
BoroondaraC,HawthornEast
EastGippslandS,HaydensBog
SouthGippslandS,HazelPark
MurrindindiS,Hazeldene
LatrobeC,Hazelwood
LatrobeC,HazelwoodNorth
LatrobeC,HazelwoodSouth
YarraRangesS,Healesville
BawBawS,HeathHill
CardiniaS,HeathHill
GreaterBendigoC,Heathcote
MitchellS,HeathcoteJunction
MitchellS,HeathcoteSouth
KingstonC,Heatherton
GlenelgS,Heathmere
MaroondahC,Heathmont
SouthGippslandS,Hedley
WellingtonS,Hedley
BanyuleC,Heidelberg
BanyuleC,HeidelbergHeights
BanyuleC,HeidelbergWest
SthnGrampiansS,HensleyPark
GlenelgS,Henty
HepburnS,Hepburn
HepburnS,HepburnSprings
GreaterGeelongC,HerneHill
BawBawS,HernesOak
LatrobeC,HernesOak
MacedonRangesS,Hesket
GoldenPlainsS,Hesse
MoyneS,Hexham
WellingtonS,Heyfield
CorangamiteS,HeytesburyLower
MoyneS,HeytesburyLower
GlenelgS,Heywood
WellingtonS,Hiamdale
WellingtonS,Hiawatha
MitchellS,HighCamp
BaysideC,Highett
KingstonC,Highett
MitchellS,Highlands
MurrindindiS,Highlands
GreaterGeelongC,Highton
SouthernGrampiansS,Hilgay
BawBawS,HillEnd
PyreneesS,Hillcrest
MitchellS,Hilldene
BrimbankC,Hillside
EastGippslandS,Hillside
MeltonS,Hillside
EastGippslandS,Hinnomunjie
MorningtonPenS,HMASCerberus
SouthGippslandS,Hoddle
YarraRangesS,HoddlesCreek
EastGippslandS,HollandsLanding
WellingtonS,HollandsLanding
StonningtonC,Holmesglen
PyreneesS,Homebush
GlenelgS,Homerton
MurrindindiS,Homewood
YarriambiackS,Hopetoun
GlenEiraC,HopetounGardens
MooraboolS,HopetounPark
YarriambiackS,Hopevale
WyndhamC,HoppersCrossing
ColacOtwayS,HordenVale
GannawarraS,Horfield
LoddonS,Horfield
HorshamRC,Horsham
AlpineS,HothamHeights
MelbourneC,HothamHill
GlenelgS,Hotspur
WhitehorseC,Houston
MansfieldS,HowesCreek
MansfieldS,HowittPlains
WellingtonS,HowittPlains
MansfieldS,Howqua
MansfieldS,HowquaHills
MansfieldS,HowquaInlet
MansfieldS,HowquaPlains
MonashC,Hughesdale
WodongaRC,HumeWeir
WhittleseaC,Humevale
GreaterBendigoC,Hunter
WellingtonS,Hunterston
MonashC,Huntingdale
GreaterBendigoC,Huntly
GreaterBendigoC,HuntlyNorth
IndigoS,Huon
TowongS,Huon
WodongaRC,HuonCreek
NillumbikS,Hurstbridge
BawBawS,IcyCreek
EastGippslandS,IguanaCreek
GoldenPlainsS,Illabarook
NorthernGrampiansS,Illawarra
MoyneS,Illowa
WarrnamboolC,Illowa
GreaterGeelongC,IndentedHead
IndigoS,Indigo
IndigoS,IndigoValley
LoddonS,Inglewood
MooraboolS,Ingliston
CentralGoldfieldsS,Inkerman
LoddonS,Inkerman
MoiraS,Invergordon
GreaterSheppartonC,InvergordonSouth
GoldenPlainsS,Inverleigh
SurfCoastS,Inverleigh
BassCoastS,Inverloch
SouthGippslandS,Inverloch
BallaratC,Invermay
HepburnS,Invermay
BallaratC,InvermayPark
CardiniaS,Iona
MilduraRC,Iraak
MountAlexanderS,Irishtown
GreaterBendigoC,Ironbark
ColacOtwayS,Irrewarra
ColacOtwayS,Irrewillipe
ColacOtwayS,IrrewillipeWest
MilduraRC,Irymple
BanyuleC,Ivanhoe
BanyuleC,IvanhoeEast
HumeC,Jacana
WellingtonS,JackRiver
GreaterBendigoC,JackassFlat
BawBawS,JacobCreek
BassCoastS,JamJerrup
MansfieldS,Jamieson
SurfCoastS,JanJuc
CorangamiteS,Jancourt
ColacOtwayS,JancourtEast
CorangamiteS,JancourtEast
LoddonS,Jarklin
EastGippslandS,Jarrahmond
TowongS,JarvisCreek
LatrobeC,Jeeralang
LatrobeC,JeeralangJunction
SouthGippslandS,Jeetho
BulokeS,Jeffcott
BulokeS,JeffcottNorth
HindmarshS,Jeparit
BawBawS,Jericho
BulokeS,Jeruk
BulokeS,JilJil
HorshamRC,Jilpanger
BawBawS,Jindivick
NorthernGrampiansS,JoelJoel
NorthernGrampiansS,JoelSouth
ColacOtwayS,Johanna
EastGippslandS,Johnsonville
WellingtonS,JohnstonesHill
CentralGoldfieldsS,JoycesCreek
MountAlexanderS,JoycesCreek
LatrobeC,Jumbuk
SouthGippslandS,Jumbunna
CaseyC,JunctionVillage
HorshamRC,Jung
YarriambiackS,Jung
LoddonS,Jungaburra
GreaterBendigoC,Junortoun
MoiraS,Kaarimba
WestWimmeraS,Kadnook
EastGippslandS,Kalimna
EastGippslandS,KalimnaWest
HumeC,Kalkallo
HorshamRC,Kalkee
YarraRangesS,Kallista
YarraRangesS,Kalorama
BulokeS,Kalpienung
GreaterBendigoC,Kamarooka
LoddonS,Kamarooka
LoddonS,KamarookaNorth
HorshamRC,Kanagulk
AlpineS,Kancoona
GreaterBendigoC,KangarooFlat
NillumbikS,KangarooGround
GannawarraS,KangarooLake
HindmarshS,Kaniva
WestWimmeraS,Kaniva
MansfieldS,Kanumbra
MurrindindiS,Kanumbra
NorthernGrampiansS,Kanya
CampaspeS,Kanyapella
SouthernGrampiansS,Karabeal
SouthGippslandS,Kardella
SouthGippslandS,KardellaSouth
CorangamiteS,Kariah
FrankstonC,Karingal
WestWimmeraS,Karnak
GreaterSheppartonC,Karramomus
BulokeS,Karyrie
MoiraS,Katamatite
MoiraS,KatamatiteEast
GreaterSheppartonC,Katandra
GreaterSheppartonC,KatandraWest
MoiraS,Katunga
ColacOtwayS,Kawarren
BrimbankC,Kealba
GannawarraS,Keely
BrimbankC,Keilor
HumeC,Keilor
BrimbankC,KeilorDowns
BrimbankC,KeilorEast
MooneeValleyC,KeilorEast
BrimbankC,KeilorLodge
BrimbankC,KeilorNorth
BrimbankC,KeilorPark
YarriambiackS,Kellalac
StrathbogieS,KelvinView
SwanHillRC,Kenley
HindmarshS,Kenmare
ColacOtwayS,KennedysCreek
CorangamiteS,KennedysCreek
ColacOtwayS,KennettRiver
GreaterBendigoC,Kennington
MelbourneC,Kensington
MooneeValleyC,Kensington
DarebinC,KeonPark
GannawarraS,Kerang
GannawarraS,KerangEast
IndigoS,Kergunyah
AlpineS,KergunyahSouth
BassCoastS,Kernot
MacedonRangesS,Kerrie
WhitehorseC,Kerrimuir
MurrindindiS,Kerrisdale
MansfieldS,Kevington
BoroondaraC,Kew
BoroondaraC,KewEast
HorshamRC,Kewell
YarriambiackS,Kewell
GreaterDandenongC,Keysborough
GreaterSheppartonC,Kialla
GreaterSheppartonC,KiallaEast
GreaterSheppartonC,KiallaWest
HindmarshS,Kiata
IndigoS,Kiewa
BassCoastS,Kilcunda
GlenelgS,Killara
WodongaRC,Killara
MoyneS,Killarney
WangarattaRC,Killawarra
MurrindindiS,Killingworth
WellingtonS,Kilmany
MitchellS,Kilmore
MitchellS,KilmoreEast
MaroondahC,Kilsyth
YarraRangesS,Kilsyth
MaroondahC,KilsythSouth
GreaterBendigoC,Kimbolton
WangarattaRC,KingValley
MurrindindiS,Kinglake
NillumbikS,Kinglake
MurrindindiS,KinglakeCentral
NillumbikS,KinglakeCentral
MurrindindiS,KinglakeWest
NillumbikS,KinglakeWest
WhittleseaC,KinglakeWest
LoddonS,Kingower
BrimbankC,KingsPark
DarebinC,Kingsbury
HepburnS,Kingston
MaribyrnongC,Kingsville
HobsonsBayC,KingsvilleSouth
BulokeS,Kinnabulla
LoddonS,Kinypanial
MoyneS,Kirkstall
StrathbogieS,KirwinsBridge
StrathbogieS,Kithbrook
MoyneS,Knebsworth
GreaterBendigoC,Knowsley
KnoxC,Knoxfield
CorangamiteS,Koallah
MitchellS,Kobyboyn
TowongS,Koetong
CorangamiteS,Kolora
MoyneS,Kolora
BassCoastS,Kongwak
SouthGippslandS,Kongwak
SthnGrampiansS,Konongwootong
CardiniaS,KooWeeRup
CardiniaS,KooWeeRupNorth
SwanHillRC,Kooloonong
StrathbogieS,Koonda
GannawarraS,Koondrook
MoiraS,Koonoomoo
SouthGippslandS,Koonwarra
NorthernGrampiansS,Kooreh
MilduraRC,Koorlong
LatrobeC,Koornalla
HepburnS,Kooroocheang
WellingtonS,Koorool
SouthGippslandS,Koorooman
StonningtonC,Kooyong
MurrindindiS,Koriella
MooraboolS,Korobeit
MoyneS,Koroit
LoddonS,KorongVale
GannawarraS,Koroop
SouthGippslandS,Korumburra
SthGippslandS,KorumburraSouth
HepburnS,Korweinguboora
MooraboolS,Korweinguboora
CampaspeS,Kotta
MoiraS,Kotupna
CampaspeS,KowSwamp
CampaspeS,Koyuga
BassCoastS,Krowera
SouthGippslandS,Krowera
MilduraRC,Kulwin
SwanHillRC,Kunat
MorningtonPeninsulaS,Kunyung
LoddonS,Kurraca
LoddonS,KurracaWest
LoddonS,Kurting
MeltonS,Kurunjang
CampaspeS,KyValley
CampaspeS,KyWest
CampaspeS,Kyabram
GreaterSheppartonC,Kyabram
GreaterSheppartonC,KyabramSouth
MacedonRangesS,Kyneton
MacedonRangesS,KynetonSouth
LoddonS,Laanecoorie
MoyneS,Laang
BawBawS,Labertouche
WhitehorseC,Laburnum
WangarattaRC,Laceby
GreaterBendigoC,LadysPass
BulokeS,Laen
NorthernGrampiansS,Laen
YarriambiackS,Laen
BulokeS,LaenEast
BulokeS,LaenNorth
YarriambiackS,Lah
HorshamRC,Laharum
NorthernGrampiansS,Laharum
SwanHillRC,LakeBoga
AraratRC,LakeBolac
BulokeS,LakeBuloke
EastGippslandS,LakeBunga
GannawarraS,LakeCharm
GlenelgS,LakeCondah
MoyneS,LakeCondah
CampaspeS,LakeCooper
MansfieldS,LakeEildon
NorthernGrampiansS,LakeFyans
BallaratC,LakeGardens
PyreneesS,LakeGoldsmith
HindmarshS,LakeHindmarsh
NthnGrampiansS,LakeLonsdale
LoddonS,LakeMarmal
BulokeS,LakeMarmel
GannawarraS,LakeMeran
LoddonS,LakeMeran
BenallaRC,LakeMokoan
GlenelgS,LakeMundi
SwanHillRC,LakePowell
MoiraS,LakeRowan
EastGippslandS,LakeTyers
EastGippslandS,LakeTyersBeach
BulokeS,LakeTyrrell
WellingtonS,LakeWellington
BallaratC,LakeWendouree
PyreneesS,LakeWongan
EastGippslandS,LakesEntrance
MooraboolS,LalLal
GannawarraS,Lalbert
WhittleseaC,Lalor
PyreneesS,Lamplough
CampaspeS,Lancaster
GreaterSheppartonC,Lancaster
BassCoastS,LanceCreek
MacedonRangesS,Lancefield
PyreneesS,Landsborough
WellingtonS,Landsborough
NorthernGrampiansS,LandsboroughWest
PyreneesS,LandsboroughWest
BassCoastS,LangLang
CardiniaS,LangLang
SouthGippslandS,LangLang
CardiniaS,LangLangEast
HepburnS,LangdonsHill
PyreneesS,LangiKalKal
AraratRC,LangiLogan
WestWimmeraS,Langkoop
MountAlexanderS,Langley
FrankstonC,Langwarrin
FrankstonC,LangwarrinSouth
GreaterGeelongC,Lara
BawBawS,Lardner
ColacOtwayS,Larpent
CorangamiteS,Larralea
YarriambiackS,Lascelles
YarraRangesS,LaunchingPlace
MacedonRangesS,Lauriston
ColacOtwayS,LaversHill
HobsonsBayC,Laverton
WyndhamC,Laverton
WyndhamC,LavertonNorth
WyndhamC,LavertonRAAF
BulokeS,Lawler
YarriambiackS,Lawler
WestWimmeraS,Lawloit
HepburnS,Lawrence
LoddonS,Leaghur
BallaratC,Learmonth
NorthernGrampiansS,Ledcourt
GreaterBendigoC,Leichardt
LoddonS,Leichardt
MooraboolS,LeighCreek
GannawarraS,Leitchville
LoddonS,Leitchville
GreaterSheppartonC,Lemnos
WodongaRC,Leneva
HepburnS,LeonardsHill
SouthGippslandS,Leongatha
SouthGippslandS,LeongathaNorth
SouthGippslandS,LeongathaSouth
GreaterGeelongC,Leopold
MooraboolS,Lerderderg
CorangamiteS,LeslieManor
GoldenPlainsS,Lethbridge
PyreneesS,Lexton
WellingtonS,Licola
MansfieldS,LicolaNorth
WellingtonS,LicolaNorth
BawBawS,Lillico
CentralGoldfieldsS,Lillicur
PyreneesS,Lillicur
WestWimmeraS,Lillimur
IndigoS,Lilliput
YarraRangesS,Lilydale
BenallaRC,Lima
BenallaRC,LimaEast
BenallaRC,LimaSouth
MansfieldS,LimaSouth
MurrindindiS,Limestone
SouthGippslandS,Limonite
EastGippslandS,Lindenow
EastGippslandS,LindenowSouth
GlenelgS,Lindsay
MilduraRC,LindsayPoint
MilduraRC,Linga
GoldenPlainsS,Linton
SwanHillRC,Liparoo
CorangamiteS,Lismore
BulokeS,Litchfield
HindmarshS,LittleDesert
HepburnS,LittleHampton
GreaterGeelongC,LittleRiver
WyndhamC,LittleRiver
LoddonS,Llanelly
WellingtonS,Llowalong
BassCoastS,Loch
SouthGippslandS,Loch
WellingtonS,LochSport
BawBawS,LochValley
EastGippslandS,Lochend
CampaspeS,Lockington
StrathbogieS,Locksley
GreaterBendigoC,Lockwood
GreaterBendigoC,LockwoodSouth
MountAlexanderS,LockwoodSouth
LoddonS,LoddonVale
LoddonS,Logan
NorthernGrampiansS,Logan
WangarattaRC,Londrigan
MooraboolS,LongForest
GreaterBendigoC,LongGully
HorshamRC,Longerenong
YarriambiackS,Longerenong
WellingtonS,Longford
GreaterBendigoC,Longlea
BawBawS,Longwarry
CardiniaS,Longwarry
BawBawS,LongwarryNorth
StrathbogieS,Longwood
StrathbogieS,LongwoodEast
SurfCoastS,Lorne
HindmarshS,Lorquon
GreaterGeelongC,LovelyBanks
MoiraS,LowerMoira
HorshamRC,LowerNorton
BanyuleC,LowerPlenty
LatrobeC,LoyYang
NorthernGrampiansS,Lubeck
YarriambiackS,Lubeck
EastGippslandS,Lucknow
TowongS,Lucyvale
BenallaRC,Lurg
BenallaRC,LurgUpper
WangarattaRC,LurgUpper
GreaterBendigoC,Lyal
CaseyC,Lynbrook
CaseyC,Lyndhurst
GreaterDandenongC,Lyndhurst
GlenelgS,Lyons
HepburnS,Lyonville
KnoxC,Lysterfield
YarraRangesS,Lysterfield
CaseyC,LysterfieldSouth
MoyneS,Macarthur
YarraRangesS,Macclesfield
MacedonRangesS,Macedon
WellingtonS,MacksCreek
BanyuleC,Macleod
DarebinC,Macleod
GannawarraS,Macorna
LoddonS,Macorna
GannawarraS,MacornaNorth
MansfieldS,MacsCove
WellingtonS,Madalya
MooraboolS,Maddingley
AraratRC,Mafeking
WellingtonS,Maffra
WellingtonS,MaffraWestUpper
BallaratC,Magpie
GreaterBendigoC,MaidenGully
MaribyrnongC,Maidstone
MoyneS,MailorFlat
PyreneesS,MainLead
MorningtonPeninsulaS,MainRidge
MansfieldS,Maindample
MurrindindiS,Maintongoon
BenallaRC,MajorPlains
GreaterSheppartonC,MajorPlains
CentralGoldfieldsS,Majorca
MountAlexanderS,Maldon
EastGippslandS,Mallacoota
HepburnS,Malmsbury
MacedonRangesS,Malmsbury
MountAlexanderS,Malmsbury
StonningtonC,Malvern
StonningtonC,MalvernEast
WyndhamC,Mambourin
SwanHillRC,Manangatang
GreaterBendigoC,Mandurang
GreaterBendigoC,MandurangSouth
MitchellS,Mangalore
StrathbogieS,Mangalore
GreaterGeelongC,ManifoldHeights
GreaterGeelongC,Mannerim
GoldenPlainsS,Mannibadar
WellingtonS,MannsBeach
EastGippslandS,Manorina
MansfieldS,Mansfield
EastGippslandS,MaramingoCreek
GreaterGeelongC,MarcusHill
SouthGippslandS,Mardan
ColacOtwayS,Marengo
MaribyrnongC,Maribyrnong
GreaterSheppartonC,Marionvale
WangarattaRC,Markwood
BulokeS,Marlbed
EastGippslandS,Marlo
NorthernGrampiansS,Marnoo
NorthernGrampiansS,MarnooEast
NorthernGrampiansS,MarnooWest
GreaterBendigoC,Marong
LoddonS,Marong
AraratRC,Maroona
StrathbogieS,Marraweeny
GreaterGeelongC,Marshall
EastGippslandS,Marthavale
GreaterSheppartonC,Marungi
MoiraS,Marungi
CentralGoldfieldsS,Maryborough
CardiniaS,Maryknoll
MurrindindiS,Marysville
LatrobeC,Maryvale
BulokeS,Massey
MansfieldS,Matlock
YarraRangesS,Matlock
GoldenPlainsS,Maude
MorningtonPeninsulaS,McCrae
CampaspeS,McEvoys
LoddonS,McIntyre
HorshamRC,McKenzieCreek
MountAlexanderS,McKenziesHill
GlenEiraC,McKinnon
WellingtonS,McLoughlinsBeach
YarraRangesS,McMahonsCreek
GannawarraS,McMillans
GannawarraS,Mead
WangarattaRC,MeadowCreek
HumeC,MeadowHeights
GannawarraS,Meatian
SwanHillRC,Meatian
SouthGippslandS,Meeniyan
GannawarraS,MeeringWest
LoddonS,MeeringWest
WellingtonS,Meerlieu
MelbourneC,Melbourne
MelbourneC,Melbourne
PortPhillipC,Melbourne
HumeC,MelbourneAirport
MelbourneC,MelbourneWest
MeltonS,Melton
MeltonS,MeltonSouth
MeltonS,MeltonWest
SthnGrampiansS,MelvilleForest
EastGippslandS,Melwood
PyreneesS,MenaPark
KingstonC,Mentone
CardiniaS,MenziesCreek
YarraRangesS,MenziesCreek
MoyneS,Mepunga
MoyneS,MepungaEast
MoyneS,MepungaWest
MilduraRC,Merbein
MilduraRC,MerbeinSouth
MilduraRC,MerbeinWest
GoldenPlainsS,Meredith
MooraboolS,Meredith
MilduraRC,Meringur
GlenelgS,Merino
MorelandC,Merlynston
WhittleseaC,Mernda
AlpineS,Merriang
MorningtonPeninsulaS,Merricks
MorningtonPenS,MerricksBeach
MorningtonPenS,MerricksNorth
GreaterSheppartonC,Merrigum
EastGippslandS,Merrijig
MansfieldS,Merrijig
MooraboolS,Merrimu
MilduraRC,Merrinee
MansfieldS,Merton
MurrindindiS,Merton
MountAlexanderS,Metcalfe
MountAlexanderS,MetcalfeEast
EastGippslandS,Metung
WellingtonS,MewburnPark
GreaterBendigoC,MiaMia
MitchellS,MiaMia
HumeC,Mickleham
LatrobeC,MidValley
AraratRC,MiddleCreek
PyreneesS,MiddleCreek
PortPhillipC,MiddlePark
SouthGippslandS,MiddleTarwin
StrathbogieS,Miepoll
WestWimmeraS,MigaLake
WangarattaRC,Milawa
MilduraRC,Mildura
WhittleseaC,MillPark
MooraboolS,Millbrook
YarraRangesS,Millgrove
CampaspeS,Milloo
LoddonS,Milloo
GlenelgS,Milltown
GannawarraS,MilnesBridge
LoddonS,Mincha
GannawarraS,MinchaWest
BallaratC,MinersRest
CorangamiteS,Mingay
MoyneS,Minhamite
WestWimmeraS,Minimay
AraratRC,Mininera
MoyneS,Minjah
LoddonS,Minmindie
GreaterBendigoC,Minto
YarriambiackS,Minyip
WellingtonS,Miowera
SwanHillRC,Miralie
WestWimmeraS,Miram
LatrobeC,Mirboo
SouthGippslandS,Mirboo
SouthGippslandS,MirbooEast
SouthGippslandS,MirbooNorth
BawBawS,MirbooSouth
MansfieldS,Mirimbah
SouthernGrampiansS,Mirranatwa
WhitehorseC,Mitcham
BallaratC,MitchellPark
NorthernGrampiansS,MitchellsHill
StrathbogieS,Mitchellstown
CampaspeS,Mitiamo
LoddonS,Mitiamo
HorshamRC,Mitre
WestWimmeraS,Mitre
EastGippslandS,MittaMitta
TowongS,MittaMitta
MilduraRC,Mittyack
HorshamRC,Mockinya
BawBawS,Modella
CardiniaS,Modella
SurfCoastS,Modewarre
BawBawS,Moe
LatrobeC,Moe
BawBawS,MoeSouth
LatrobeC,MoeSouth
SurfCoastS,MoggsCreek
StrathbogieS,Moglonemby
NorthernGrampiansS,Mokepilly
MurrindindiS,Molesworth
CentralGoldfieldsS,Moliagul
LoddonS,Moliagul
StrathbogieS,Molka
HepburnS,Mollongghip
MooraboolS,Mollongghip
LoddonS,Mologa
BenallaRC,Molyullah
YarraRangesS,Monbulk
MacedonRangesS,Monegeetta
AlpineS,MongansBridge
WellingtonS,Monomak
CardiniaS,Monomeith
BoroondaraC,MontAlbert
WhitehorseC,MontAlbert
WhitehorseC,MontAlbertNorth
WellingtonS,Montgomery
BanyuleC,Montmorency
YarraRangesS,Montrose
GreaterGeelongC,Moolap
NorthernGrampiansS,Moolerr
CentralGoldfieldsS,Moolort
MountAlexanderS,Moolort
PyreneesS,Moonambel
BawBawS,Moondarra
LatrobeC,Moondarra
MooneeValleyC,MooneePonds
CentralGoldfieldsS,MoonlightFlat
MountAlexanderS,MoonlightFlat
CampaspeS,Moora
BaysideC,Moorabbin
KingstonC,Moorabbin
KingstonC,MoorabbinAirport
GreaterGeelongC,Moorabool
SouthernGrampiansS,Mooralla
GreaterSheppartonC,Moorilim
StrathbogieS,Moorilim
StrathbogieS,MoormboolWest
WellingtonS,Moornapa
BenallaRC,Moorngag
MorningtonPeninsulaS,Moorooduc
YarraRangesS,Mooroolbark
GreaterSheppartonC,Mooroopna
GreaterSheppartonC,MooroopnaNorth
MitchellS,Moranding
WhittleseaC,MorangSouth
KingstonC,Mordialloc
MorelandC,Moreland
SouthernGrampiansS,Morgiana
SurfCoastS,Moriac
MorningtonPeninsulaS,Mornington
WellingtonS,Moroka
GoldenPlainsS,Morrisons
MooraboolS,Morrisons
NorthernGrampiansS,MorrlMorrl
MoyneS,Mortlake
BulokeS,MortonPlains
LatrobeC,Morwell
GreaterBendigoC,MosquitoCreek
EastGippslandS,Mossiface
TowongS,MountAlfred
AlpineS,MountBeauty
HepburnS,MountBeckworth
SouthGippslandS,MountBest
BallaratC,MountBolton
BenallaRC,MountBruno
AlpineS,MountBuffalo
MansfieldS,MountBuller
WellingtonS,MountBuller
CardiniaS,MountBurnett
CorangamiteS,MountBute
GoldenPlainsS,MountBute
GreaterBendigoC,MountCamel
CentralGoldfieldsS,MountCameron
HepburnS,MountCameron
BallaratC,MountClear
AraratRC,MountCole
AraratRC,MountColeCreek
MeltonS,MountCottrell
WyndhamC,MountCottrell
YarraRangesS,MountDandenong
MooraboolS,MountDoran
NorthernGrampiansS,MountDryden
GreaterGeelongC,MountDuneed
SurfCoastS,MountDuneed
SouthGippslandS,MountEccles
SthGippslandS,MountEcclesSouth
GlenelgS,MountEckersley
MooraboolS,MountEgerton
MorningtonPeninsulaS,MountEliza
PyreneesS,MountEmu
YarraRangesS,MountEvelyn
HepburnS,MountFranklin
CentralGoldfieldsS,MountGlasgow
BallaratC,MountHelen
CentralGoldfieldsS,MountHooghly
AlpineS,MountHotham
PyreneesS,MountLonarch
MacedonRangesS,MountMacedon
GreaterSheppartonC,MountMajor
MorningtonPenS,MountMartha
GoldenPlainsS,MountMercer
SurfCoastS,MountMoriac
SthnGrampiansS,MountNapier
BallaratC,MountPleasant
HepburnS,MountProspect
GlenelgS,MountRichmond
BallaratC,MountRowan
ColacOtwayS,MountSabine
CampaspeS,MountScobie
HorshamRC,MountTalbot
LatrobeC,MountTassie
EastGippslandS,MountTaylor
YarraRangesS,MountToolebewong
MooraboolS,MountWallace
MonashC,MountWaverley
MansfieldS,MountainBay
BawBawS,MountainView
SouthGippslandS,MountainView
SouthernGrampiansS,Moutajup
SouthGippslandS,Moyarra
WangarattaRC,Moyhu
NorthernGrampiansS,Moyreisk
AraratRC,Moyston
MoiraS,Muckatah
MountAlexanderS,Muckleford
MtAlexanderS,MucklefordSouth
AlpineS,Mudgeegonga
IndigoS,Mudgegonga
MonashC,Mulgrave
GlenelgS,Mumbannar
MoiraS,Mundoona
WellingtonS,Munro
GlenelgS,Muntham
SouthernGrampiansS,Muntham
CampaspeS,Murchison
GreaterSheppartonC,Murchison
GreaterSheppartonC,MurchisonEast
GreaterSheppartonC,MurchisonNorth
GoldenPlainsS,Murgheboluc
WangarattaRC,Murmungee
SwanHillRC,Murnungin
LoddonS,MurphysCreek
HorshamRC,MurraWarra
YarriambiackS,MurraWarra
GannawarraS,Murrabit
GannawarraS,MurrabitWest
SwanHillRC,Murrawee
SwanHillRC,Murraydale
MilduraRC,Murray-Sunset
MilduraRC,Murrayville
EastGippslandS,Murrindal
MurrindindiS,Murrindindi
ColacOtwayS,Murroon
GlenEiraC,Murrumbeena
YarriambiackS,Murtoa
HepburnS,Musk
HepburnS,MuskVale
CampaspeS,Muskerry
BulokeS,Myall
GannawarraS,Myall
GlenelgS,Myamyn
GreaterBendigoC,MyersFlat
CampaspeS,Myola
MooraboolS,Myrniong
BenallaRC,Myrrhee
WangarattaRC,Myrrhee
GreaterBendigoC,MyrtleCreek
MountAlexanderS,MyrtleCreek
WellingtonS,Myrtlebank
AlpineS,Myrtleford
LoddonS,Mysia
GannawarraS,MysticPark
MoiraS,Mywee
StrathbogieS,Nagambie
ColacOtwayS,Nalangil
GreaterSheppartonC,Nalinga
StrathbogieS,Nalinga
WellingtonS,Nambrok
BulokeS,Nandaly
CardiniaS,Nangana
GlenelgS,Nangeela
MilduraRC,Nangiloc
CampaspeS,Nanneella
WellingtonS,NapNapMarra
GoldenPlainsS,Napoleons
CardiniaS,NarNarGoon
CardiniaS,NarNarGoonNorth
MurrindindiS,Narbethong
MoyneS,Nareeb
SouthernGrampiansS,Nareeb
GlenelgS,Nareen
SouthernGrampiansS,Nareen
BulokeS,Nareewillock
EastGippslandS,NarielValley
TowongS,NarielValley
MoiraS,Naring
MoyneS,Naringal
MoyneS,NaringalEast
CorangamiteS,Naroghid
BawBawS,Narracan
LatrobeC,Narracan
BulokeS,Narraport
AraratRC,NarrapumelapSouth
GlenelgS,Narrawong
CaseyC,NarreWarren
YarraRangesS,NarreWarrenEast
CaseyC,NarreWarrenNorth
CaseyC,NarreWarrenSouth
SwanHillRC,Narrung
MoiraS,Nathalia
HorshamRC,Natimuk
CentralGoldfieldsS,NatteYallock
NorthernGrampiansS,NatteYallock
PyreneesS,NatteYallock
SwanHillRC,Natya
NorthernGrampiansS,Navarre
PyreneesS,Navarre
MooraboolS,Navigators
BawBawS,Nayook
MilduraRC,NedsCorner
MountAlexanderS,Neereman
BawBawS,Neerim
BawBawS,NeerimEast
BawBawS,NeerimJunction
BawBawS,NeerimNorth
BawBawS,NeerimSouth
GreaterBendigoC,Neilborough
GlenelgS,Nelson
SouthGippslandS,Nerrena
AraratRC,NerrinNerrin
MoyneS,NerrinNerrin
BallaratC,Nerrina
PyreneesS,Nerring
HindmarshS,Netherby
WestWimmeraS,Neuarpurr
MacedonRangesS,NewGisborne
LatrobeC,Newborough
LoddonS,Newbridge
HepburnS,Newbury
GreaterGeelongC,Newcomb
CorangamiteS,Newfield
MacedonRangesS,Newham
BassCoastS,Newhaven
BallaratC,Newington
EastGippslandS,NewlandsArm
HepburnS,Newlyn
HepburnS,NewlynNorth
EastGippslandS,Newmerella
HobsonsBayC,Newport
WellingtonS,Newry
MountAlexanderS,Newstead
GoldenPlainsS,Newtown
GreaterGeelongC,Newtown
HindmarshS,Nhill
MilduraRC,NicholsPoint
EastGippslandS,Nicholson
MooneeValleyC,Niddrie
MansfieldS,Nillahcootie
BawBawS,Nilma
BulokeS,Ninda
BulokeS,NineMile
LoddonS,NineMile
GoldenPlainsS,Nintingbool
GannawarraS,Ninyeunook
MoyneS,Nirranda
CorangamiteS,NirrandaEast
MoyneS,NirrandaEast
MoyneS,NirrandaSouth
GreaterDandenongC,NoblePark
GrDandenongC,NobleParkNorth
BawBawS,Noojee
CorangamiteS,Noorat
MoyneS,Noorat
CorangamiteS,NooratEast
EastGippslandS,Noorinbee
EastGippslandS,NoorinbeeNorth
HorshamRC,Noradjuha
GreaterGeelongC,Norlane
GannawarraS,Normanville
IndigoS,Norong
IndigoS,NorongCentral
MelbourneC,NorthMelbourne
MooneeValleyC,NorthMelbourne
GreaterGeelongC,NorthShore
DarebinC,Northcote
MitchellS,Northwood
AraratRC,Norval
MonashC,NottingHill
EastGippslandS,NowaNowa
PyreneesS,NowhereCreek
SwanHillRC,Nowie
AlpineS,NugNug
MountAlexanderS,Nuggetty
MitchellS,NullaVale
MoyneS,Nullawarre
MoyneS,NullawarreNorth
BulokeS,Nullawil
MoiraS,Numurkah
ManninghamC,Nunawading
WhitehorseC,Nunawading
EastGippslandS,Nungurner
EastGippslandS,Nunniong
WellingtonS,Nuntin
WestWimmeraS,Nurcoung
HorshamRC,Nurrabiel
EastGippslandS,Nurran
NillumbikS,Nutfield
SwanHillRC,Nyah
SwanHillRC,NyahWest
BulokeS,Nyarrin
EastGippslandS,Nyerimilang
BawBawS,Nyora
CardiniaS,Nyora
SouthGippslandS,Nyora
SwanHillRC,Nyrraby
MorelandC,OakPark
HumeC,OaklandsJunction
MonashC,Oakleigh
MonashC,OakleighEast
KingstonC,OakleighSouth
MonashC,OakleighSouth
GannawarraS,Oakvale
EastGippslandS,OceanGrange
WellingtonS,OceanGrange
GreaterGeelongC,OceanGrove
CardiniaS,Officer
CardiniaS,OfficerSouth
TowongS,OldTallangatta
YarraRangesS,Olinda
ColacOtwayS,Ombersley
SurfCoastS,Ombersley
EastGippslandS,Omeo
EastGippslandS,OmeoValley
ColacOtwayS,Ondit
EastGippslandS,Orbost
MoyneS,Orford
GlenEiraC,Ormond
GreaterSheppartonC,Orrvale
IndigoS,OsbornesFlat
BassCoastS,Outtrim
SouthGippslandS,Outtrim
MilduraRC,Ouyen
AlpineS,Ovens
WangarattaRC,Oxley
WangarattaRC,OxleyFlats
WestWimmeraS,Ozenkadnook
CorangamiteS,Paaratte
LoddonS,Painswick
CardiniaS,Pakenham
CardiniaS,PakenhamSouth
CardiniaS,PakenhamUpper
MilduraRC,Panitya
MoyneS,Panmure
NillumbikS,PantonHill
NorthernGrampiansS,Paradise
WellingtonS,ParadiseBeach
SurfCoastS,Paraparap
ManninghamC,ParkOrchards
MaroondahC,ParkOrchards
KingstonC,Parkdale
MelbourneC,Parkville
MorelandC,Parkville
MeltonS,Parwan
MooraboolS,Parwan
GlenelgS,Paschendale
MorelandC,PascoeVale
MorelandC,PascoeValeSouth
MacedonRangesS,Pastoria
MacedonRangesS,PastoriaEast
MilduraRC,Patchewollock
YarriambiackS,Patchewollock
CampaspeS,Patho
GlenEiraC,Patterson
KingstonC,PattersonLakes
WestWimmeraS,Patyah
EastGippslandS,Paynesville
CaseyC,Pearcedale
MorningtonPeninsulaS,Pearcedale
WellingtonS,Pearsondale
MoiraS,Peechelba
WangarattaRC,Peechelba
WangarattaRC,PeechelbaEast
MoiraS,Pelluebla
ColacOtwayS,Pennyroyal
SurfCoastS,Pennyroyal
MoyneS,Penshurst
SouthernGrampiansS,Penshurst
SwanHillRC,PentalIsland
MooraboolS,PentlandHills
PyreneesS,Percydale
WestWimmeraS,Peronne
WellingtonS,PerryBridge
CorangamiteS,Peterborough
MoyneS,Peterborough
ColacOtwayS,PetticoatCreek
MurrindindiS,PheasantCreek
SwanHillRC,Piangil
CampaspeS,Piavella
MoiraS,Picola
MoiraS,PicolaWest
BawBawS,Piedmont
BulokeS,PierMilan
SthnGrampiansS,PigeonPonds
GoldenPlainsS,Piggoreet
GreaterBendigoC,PilchersBridge
HorshamRC,Pimpinio
CampaspeS,PineGrove
GreaterSheppartonC,PineLodge
TowongS,PineMountain
GannawarraS,PineView
MonashC,Pinewood
BassCoastS,PioneerBay
MacedonRangesS,PipersCreek
SwanHillRC,Pira
MansfieldS,Piries
ColacOtwayS,PirronYallock
CorangamiteS,PirronYallock
GoldenPlainsS,Pitfield
CorangamiteS,Pittong
GoldenPlainsS,Pittong
PyreneesS,Pittong
NillumbikS,Plenty
MeltonS,Plumpton
WyndhamC,PointCook
MorningtonPeninsulaS,PointLeo
GreaterGeelongC,PointLonsdale
QueenscliffeB,PointLonsdale
GreaterGeelongC,PointWilson
SwanHillRC,Polisbet
CorangamiteS,Pomborneit
CorangamiteS,PomborneitEast
CorangamiteS,PomborneitNorth
AraratRC,Pomonal
NorthernGrampiansS,Pomonal
LoddonS,Pompapiel
WestWimmeraS,Poolaijelo
MooraboolS,Pootilla
SouthGippslandS,Poowong
BawBawS,PoowongEast
SouthGippslandS,PoowongEast
BawBawS,PoowongNorth
SouthGippslandS,PoowongNorth
MountAlexanderS,PorcupineFlat
HepburnS,PorcupineRidge
AlpineS,Porepunkah
WellingtonS,PortAlbert
CorangamiteS,PortCampbell
MoyneS,PortFairy
SouthGippslandS,PortFranklin
MelbourneC,PortMelbourne
PortPhillipC,PortMelbourne
SouthGippslandS,PortWelshpool
GreaterGeelongC,Portarlington
GlenelgS,Portland
GlenelgS,PortlandNorth
GlenelgS,PortlandWest
MorningtonPeninsulaS,Portsea
BassCoastS,PoundCreek
SouthGippslandS,PoundCreek
YarraRangesS,Powelltown
WestWimmeraS,PowersCreek
LoddonS,PowlettPlains
BassCoastS,PowlettRiver
MelbourneC,Prahran
StonningtonC,Prahran
LoddonS,Prairie
StrathbogieS,Pranjip
IndigoS,PrenticeNorth
DarebinC,Preston
YarraC,PrincesHill
CorangamiteS,Princetown
MitchellS,Puckapunyal
AraratRC,PuraPura
CorangamiteS,PuraPura
MoyneS,PuraPura
MoyneS,Purdeet
SouthernGrampiansS,Purdeet
MoyneS,Purnim
MoyneS,PurnimWest
CorangamiteS,PurrumbeteSouth
MitchellS,Pyalong
LoddonS,PyramidHill
GannawarraS,Quambatook
WyndhamC,Quandong
HorshamRC,Quantong
GreaterBendigoC,QuarryHill
QueenscliffeB,Queenscliff
BassCoastS,Queensferry
PyreneesS,Raglan
HindmarshS,Rainbow
YarriambiackS,Rainbow
SouthGippslandS,Ranceby
CentralGoldfieldsS,Rathscar
PyreneesS,Rathscar
PyreneesS,RathscarWest
MeltonS,Ravenhall
MountAlexanderS,Ravenswood
MtAlexanderS,RavenswoodSouth
BawBawS,Rawson
EastGippslandS,RaymondIsland
GreaterBendigoC,Raywood
LoddonS,Raywood
IndigoS,RedBluff
MilduraRC,RedCliffs
MorningtonPeninsulaS,RedHill
MorningtonPenS,RedHillSouth
CentralGoldfieldsS,RedLion
BallaratC,Redan
NorthernGrampiansS,Redbank
PyreneesS,Redbank
CampaspeS,Redcastle
GreaterBendigoC,Redcastle
GreaterBendigoC,Redesdale
MountAlexanderS,Redesdale
EastGippslandS,ReedyCreek
MitchellS,ReedyCreek
BulokeS,ReedyDam
GannawarraS,ReedyLake
YarraRangesS,Reefton
DarebinC,RegentWest
NillumbikS,Research
DarebinC,Reservoir
MansfieldS,Reynard
WellingtonS,Reynard
LoddonS,Rheola
BassCoastS,Rhyll
AraratRC,Rhymney
NorthernGrampiansS,Riachella
BulokeS,RichAvon
NthnGrampiansS,RichAvonEast
NthnGrampiansS,RichAvonWest
YarriambiackS,RichAvonWest
YarraC,Richmond
BulokeS,RichmondPlains
LoddonS,RichmondPlains
MacedonRangesS,RiddellsCreek
StrathbogieS,RiggsCreek
MaroondahC,Ringwood
MaroondahC,RingwoodEast
ManninghamC,RingwoodNorth
MaroondahC,RingwoodNorth
BawBawS,Ripplebrook
GreaterGeelongC,Rippleside
MoyneS,Ripponhurst
PortPhillipC,Ripponlea
HorshamRC,Riverside
WellingtonS,Riverslea
WellingtonS,RobertsonsBeach
SwanHillRC,Robinvale
CampaspeS,Rochester
MacedonRangesS,Rochford
MeltonS,Rockbank
SouthernGrampiansS,Rocklands
HepburnS,Rocklyn
AraratRC,RockyPoint
CentralGoldfieldsS,Rodborough
BawBawS,Rokeby
GoldenPlainsS,Rokewood
GoldenPlainsS,RokewoodJunction
MacedonRangesS,Romsey
BanyuleC,Rosanna
WangarattaRC,RoseRiver
YarriambiackS,Rosebery
MoyneS,Rosebrook
MorningtonPeninsulaS,Rosebud
MorningtonPenS,RosebudWest
WellingtonS,Rosedale
NorthernGrampiansS,RosesGap
AlpineS,Rosewhite
CampaspeS,Roslynmead
GoldenPlainsS,RossCreek
AraratRC,Rossbridge
NorthernGrampiansS,Rostron
MooraboolS,Rowsley
KnoxC,Rowville
HumeC,RoxburghPark
MurrindindiS,Rubicon
SouthGippslandS,Ruby
MurrindindiS,Ruffy
StrathbogieS,Ruffy
AlpineS,RunningCreek
CampaspeS,Runnymede
NorthernGrampiansS,Rupanyup
YarriambiackS,Rupanyup
CampaspeS,Rushworth
GoldenPlainsS,RussellsBridge
IndigoS,Rutherglen
BassCoastS,Ryanston
MorningtonPeninsulaS,Rye
CardiniaS,Rythdale
MorningtonPenS,SafetyBeach
HepburnS,SailorsFalls
GreaterBendigoC,SailorsGully
HepburnS,SailorsHill
BanyuleC,SaintHelena
WellingtonS,Sale
WellingtonS,SaleEast
LoddonS,SalisburyWest
BenallaRC,Samaria
BassCoastS,SanRemo
GlenelgS,Sandford
GannawarraS,SandhillLake
FrankstonC,Sandhurst
GreaterBendigoC,SandhurstEast
HepburnS,Sandon
MountAlexanderS,Sandon
GrDandenongC,SandownVillage
BaysideC,Sandringham
IndigoS,SandyCreek
SouthGippslandS,SandyPoint
WellingtonS,Sargood
EastGippslandS,Sarsfield
KnoxC,Sassafras
YarraRangesS,Sassafras
MansfieldS,SawmillSettlement
GoldenPlainsS,Scarsdale
KnoxC,Scoresby
BallaratC,ScotchmansLead
BallaratC,Scotsburn
MooraboolS,Scotsburn
CorangamiteS,ScottsCreek
BulokeS,SeaLake
HobsonsBayC,Seabrook
WellingtonS,Seacombe
FrankstonC,Seaford
HobsonsBayC,Seaholme
WellingtonS,Seaspray
WellingtonS,Seaton
BawBawS,Seaview
GreaterBendigoC,Sebastian
LoddonS,Sebastian
BallaratC,Sebastopol
MaribyrnongC,Seddon
GreaterBendigoC,Sedgwick
YarraRangesS,Selby
AlpineS,Selwyn
ColacOtwayS,SeparationCreek
LoddonS,Serpentine
WestWimmeraS,Serviceton
YarraRangesS,Seville
YarraRangesS,SevilleEast
MitchellS,Seymour
BawBawS,ShadyCreek
EastGippslandS,Shannonvale
NorthernGrampiansS,ShaysFlat
PyreneesS,ShaysFlat
GoldenPlainsS,SheOaks
StrathbogieS,SheansCreek
YarriambiackS,SheepHills
GreaterBendigoC,Shelbourne
LoddonS,Shelbourne
MountAlexanderS,Shelbourne
GoldenPlainsS,Shelford
TowongS,Shelley
HepburnS,ShepherdsFlat
GreaterSheppartonC,Shepparton
GreaterSheppartonC,SheppartonEast
GreaterSheppartonC,SheppartonNorth
YarraRangesS,Sherbrooke
PyreneesS,Shirley
MorningtonPeninsulaS,Shoreham
MacedonRangesS,Sidonia
YarraRangesS,Silvan
BassCoastS,Silverleaves
CampaspeS,Simmie
ColacOtwayS,Simpson
CorangamiteS,Simpson
EastGippslandS,SimpsonsCreek
CentralGoldfieldsS,Simson
ColacOtwayS,SkenesCreek
ColacOtwayS,SkenesCreekNorth
CorangamiteS,Skibo
LoddonS,SkinnersFlat
CorangamiteS,Skipton
FrankstonC,Skye
LoddonS,SlatyCreek
NorthernGrampiansS,SlatyCreek
HepburnS,Smeaton
BassCoastS,SmithsBeach
NillumbikS,SmithsGully
HepburnS,SmokeyTown
AlpineS,Smoko
BallaratC,SmythesCreek
GoldenPlainsS,SmythesCreek
GoldenPlainsS,Smythesdale
WellingtonS,SnakeIsland
PyreneesS,SnakeValley
BallaratC,SoldiersHill
MorningtonPeninsulaS,Somers
HumeC,Somerton
MorningtonPeninsulaS,Somerville
MorningtonPeninsulaS,Sorrento
PortPhillipC,SouthMelbourne
MelbourneC,SouthYarra
StonningtonC,SouthYarra
MelbourneC,Southbank
PortPhillipC,Southbank
MoyneS,SouthernCross
BallaratC,SovereignHill
MooraboolS,SpargoCreek
GreaterBendigoC,SpecimenHill
YarriambiackS,Speed
SwanHillRC,Speewa
HobsonsBayC,Spotswood
GreaterBendigoC,SpringGully
HepburnS,SpringHill
MacedonRangesS,SpringHill
MooraboolS,Springbank
GoldenPlainsS,Springdallah
BulokeS,Springfield
MacedonRangesS,Springfield
WangarattaRC,Springhurst
HepburnS,Springmount
GrDandenongC,Springvale
GrDandenongC,SpringvaleSouth
BrimbankC,StAlbans
GreaterGeelongC,StAlbansPark
NillumbikS,StAndrews
MorningtonPenS,StAndrewsBeach
NorthernGrampiansS,StArnaud
NthnGrampiansS,StArnaudEast
NthnGrampiansS,StArnaudNorth
BassCoastS,StClair
GreaterSheppartonC,StGermains
MoyneS,StHelens
HorshamRC,StHelensPlains
MoiraS,StJames
PortPhillipC,StKilda
GlenEiraC,StKildaEast
PortPhillipC,StKildaEast
PortPhillipC,StKildaWest
GreaterGeelongC,StLeonards
WellingtonS,StaceysBridge
GoldenPlainsS,StaffordshireReef
IndigoS,StaghornFlat
WodongaRC,StaghornFlat
CampaspeS,Stanhope
GreaterSheppartonC,StanhopeSouth
IndigoS,Stanley
GreaterGeelongC,StaughtonVale
AraratRC,Stavely
NorthernGrampiansS,Stawell
YarraRangesS,SteelsCreek
GoldenPlainsS,Steiglitz
BenallaRC,Stewarton
GreaterSheppartonC,Stewarton
EastGippslandS,Stirling
WellingtonS,Stockdale
PyreneesS,StockyardHill
GoldenPlainsS,Stonehaven
AraratRC,Stoneleigh
PyreneesS,Stoneleigh
CentralGoldfieldsS,StonyCreek
HepburnS,StonyCreek
SouthGippslandS,StonyCreek
ColacOtwayS,Stonyford
CorangamiteS,Stonyford
WellingtonS,Stradbroke
HepburnS,Strangways
MountAlexanderS,Strangways
BulokeS,Straten
WellingtonS,Stratford
MurrindindiS,StrathCreek
CampaspeS,Strathallan
BenallaRC,Strathbogie
MansfieldS,Strathbogie
StrathbogieS,Strathbogie
GreaterBendigoC,Strathdale
GlenelgS,Strathdownie
NillumbikS,Strathewen
GreaterBendigoC,Strathfieldsaye
SouthernGrampiansS,Strathkellar
CentralGoldfieldsS,Strathlea
MountAlexanderS,Strathlea
MoiraS,Strathmerton
MooneeValleyC,Strathmore
MooneeValleyC,StrathmoreHeights
AraratRC,Streatham
PyreneesS,Streatham
BawBawS,Strzelecki
SouthGippslandS,Strzelecki
NorthernGrampiansS,StuartMill
KnoxC,Studfield
ColacOtwayS,Sugarloaf
MitchellS,SugarloafCreek
EastGippslandS,SugganBuggan
HepburnS,Sulky
GreaterBendigoC,Summerfield
BassCoastS,Summerlands
HumeC,Sunbury
MitchellS,SundayCreek
BassCoastS,SunderlandBay
MilduraRC,Sunnycliffs
BassCoastS,SunsetStrip
BrimbankC,Sunshine
BrimbankC,SunshineNorth
BrimbankC,SunshineWest
BassCoastS,SurfBeach
BoroondaraC,SurreyHills
WhitehorseC,SurreyHills
NorthernGrampiansS,Sutherland
GoldenPlainsS,SutherlandsCreek
BulokeS,Sutton
MountAlexanderS,SuttonGrange
GreaterGeelongC,SwanBay
SwanHillRC,SwanHill
SwanHillRC,SwanHillWest
QueenscliffeB,SwanIsland
ColacOtwayS,SwanMarsh
EastGippslandS,SwanReach
BenallaRC,Swanpool
NorthernGrampiansS,Swanwater
NthnGrampiansS,SwanwaterWest
EastGippslandS,SwiftsCreek
BrimbankC,Sydenham
LoddonS,Sylvaterre
MonashC,Syndal
EastGippslandS,Tabberabbera
StrathbogieS,Tabilk
SouthernGrampiansS,Tabor
MurrindindiS,Taggerty
GlenelgS,Tahara
SouthernGrampiansS,Tahara
GlenelgS,TaharaBridge
GlenelgS,TaharaWest
CentralGoldfieldsS,Talbot
TowongS,Talgarno
TowongS,Tallandoon
TowongS,Tallangatta
TowongS,TallangattaEast
TowongS,TallangattaSouth
TowongS,TallangattaValley
MitchellS,Tallarook
GreaterSheppartonC,Tallygaroopna
EastGippslandS,TamboCrossing
EastGippslandS,TamboUpper
EastGippslandS,Tamboon
WellingtonS,Tamboritha
BenallaRC,Taminick
StrathbogieS,Tamleugh
GreaterSheppartonC,TamleughNorth
CorangamiteS,Tandarook
LoddonS,Tandarra
IndigoS,Tangambalanga
BawBawS,Tanjil
BawBawS,TanjilBren
BawBawS,TanjilSouth
LatrobeC,TanjilSouth
MacedonRangesS,Tantaraboo
PyreneesS,Tanwood
ColacOtwayS,Tanybryn
HepburnS,Taradale
MacedonRangesS,Taradale
MountAlexanderS,Taradale
MitchellS,Tarcombe
StrathbogieS,Tarcombe
HepburnS,Tarilta
MountAlexanderS,Tarilta
CampaspeS,Taripta
LoddonS,Tarnagulla
WyndhamC,Tarneit
BenallaRC,Tarnook
CorangamiteS,Taroon
MoyneS,Taroon
WellingtonS,TarraValley
HindmarshS,Tarranyurk
WellingtonS,Tarraville
YarraRangesS,Tarrawarra
WangarattaRC,Tarrawingee
SthnGrampiansS,Tarrayoukyan
WestWimmeraS,Tarrayoukyan
MountAlexanderS,Tarrengower
SouthernGrampiansS,Tarrenlea
SouthernGrampiansS,Tarrington
MoyneS,Tarrone
SouthGippslandS,Tarwin
SouthGippslandS,TarwinLower
BenallaRC,Tatong
WangarattaRC,Tatong
GreaterSheppartonC,Tatura
GreaterSheppartonC,TaturaEast
AraratRC,Tatyoon
AlpineS,Tawonga
AlpineS,TawongaSouth
MurrindindiS,TaylorBay
MeltonS,TaylorsHill
BrimbankC,TaylorsLakes
GannawarraS,TealPoint
YarraRangesS,Tecoma
BulokeS,Teddywaddy
BulokeS,TeddywaddyWest
GoldenPlainsS,Teesdale
HorshamRC,TelangatukEast
MoiraS,Telford
WestWimmeraS,TelopeaDowns
ManninghamC,Templestowe
ManninghamC,TemplestoweLower
MilduraRC,Tempy
YarriambiackS,Tempy
BassCoastS,TenbyPoint
CardiniaS,TenbyPoint
CampaspeS,Tennyson
CorangamiteS,Terang
MoyneS,Terang
MurrindindiS,TeripTerip
BulokeS,Terrappee
LoddonS,Terrappee
LoddonS,TerrickTerrick
CampaspeS,TerrickTerrickEast
LoddonS,TerrickTerrickEast
CampaspeS,TerrickTerrickWest
CorangamiteS,Tesbury
BawBawS,TetooraRoad
BulokeS,Thalia
BawBawS,Thaloo
KnoxC,TheBasin
MoyneS,TheCove
EastGippslandS,TheFingerboards
BassCoastS,TheGurdies
WellingtonS,TheHeart
WellingtonS,TheHoneysuckles
YarraRangesS,ThePatch
CampaspeS,TheSettlement
MoyneS,TheSisters
TowongS,Thologolong
WhittleseaC,Thomastown
BawBawS,Thomson
GreaterGeelongC,Thomson
BenallaRC,Thoona
DarebinC,Thornbury
MurrindindiS,Thornton
BawBawS,Thorpdale
SouthGippslandS,Thorpdale
BawBawS,ThorpdaleSouth
SouthGippslandS,ThorpdaleSouth
TowongS,ThowglaValley
YarraRangesS,ThreeBridges
SouthGippslandS,TidalRiver
EastGippslandS,Timbarra
CorangamiteS,Timboon
CorangamiteS,TimboonWest
CampaspeS,Timmering
CentralGoldfieldsS,Timor
CentralGoldfieldsS,TimorWest
WellingtonS,Tinamba
WellingtonS,TinambraWest
TowongS,Tintaldra
BulokeS,Titybong
GannawarraS,Titybong
SwanHillRC,TolTol
BenallaRC,Tolmie
MansfieldS,Tolmie
WangarattaRC,Tolmie
EastGippslandS,TomGroggin
TowongS,TomGroggin
CampaspeS,Tongala
EastGippslandS,TonghiCreek
EastGippslandS,Tongio
CardiniaS,Tonimbuk
HorshamRC,Tooan
MitchellS,Tooborac
GreaterSheppartonC,Toolamba
GreaterSheppartonC,ToolambaEast
GreaterSheppartonC,ToolambaWest
MurrindindiS,Toolangi
YarraRangesS,Toolangi
MacedonRangesS,ToolernVale
MeltonS,ToolernVale
CampaspeS,Toolleen
GreaterBendigoC,Toolleen
WellingtonS,Toolome
HorshamRC,Toolondo
MoyneS,Toolong
BawBawS,Toombon
BawBawS,Toongabbie
LatrobeC,Toongabbie
WellingtonS,Toongabbie
SouthGippslandS,Toora
SouthGippslandS,TooraNorth
WellingtonS,TooraNorth
CardiniaS,Tooradin
CaseyC,Tooradin
StonningtonC,Toorak
EastGippslandS,ToorlooArm
BawBawS,Toorongo
YarraRangesS,Toorongo
MorningtonPeninsulaS,Tootgarook
SurfCoastS,Torquay
MilduraRC,Torrita
CampaspeS,Torrumbarry
EastGippslandS,Tostaree
MaribyrnongC,Tottenham
NorthernGrampiansS,Tottington
BallaratC,Tourello
SwanHillRC,Towan
BulokeS,Towaninny
GannawarraS,Towaninny
BulokeS,TowaninnySouth
MoyneS,TowerHill
TowongS,Towong
TowongS,TowongLower
BawBawS,Trafalgar
BawBawS,TrafalgarEast
BawBawS,TrafalgarSouth
GannawarraS,Tragowel
LatrobeC,Traralgon
LatrobeC,TraralgonEast
LatrobeC,TraralgonSouth
MooneeValleyC,Travancore
PyreneesS,Trawalla
MitchellS,Trawool
MurrindindiS,Trawool
NthnGrampiansS,TraynorsLagoon
YarraRangesS,Tremont
HepburnS,Trentham
MooraboolS,Trentham
HepburnS,TrenthamEast
MacedonRangesS,TrenthamEast
SwanHillRC,Tresco
SwanHillRC,TrescoWest
BawBawS,Trida
SouthGippslandS,Trida
MeltonS,Truganina
WyndhamC,Truganina
EastGippslandS,Tubbut
SwanHillRC,Tudor
MorningtonPeninsulaS,Tuerong
NorthernGrampiansS,Tulkara
BrimbankC,Tullamarine
HumeC,Tullamarine
MorelandC,Tullamarine
MoiraS,Tungamah
SwanHillRC,Turoar
YarriambiackS,Turriff
BulokeS,TurriffEast
SouthGippslandS,TurtonsCreek
MilduraRC,Tutye
MitchellS,Tyaak
MorningtonPeninsulaS,Tyabb
LatrobeC,Tyers
HepburnS,Tylden
MacedonRangesS,Tylden
HepburnS,TyldenSouth
CardiniaS,Tynong
CardiniaS,TynongNorth
SwanHillRC,Tyntynder
SwanHillRC,TyntynderSouth
GlenelgS,Tyrendarra
MoyneS,Tyrendarra
MoyneS,TyrendarraEast
BulokeS,Tyrrell
SwanHillRC,Tyrrell
BulokeS,TyrrellDowns
GreaterBendigoC,TysonsReef
HepburnS,Ullina
WestWimmeraS,Ullswater
SwanHillRC,Ultima
SwanHillRC,UltimaEast
MoiraS,Ulupna
GreaterSheppartonC,Undera
MilduraRC,Underbool
EastGippslandS,Uplands
StrathbogieS,Upotipotpon
KnoxC,UpperFerntreeGully
YarraRangesS,UpperFerntreeGully
AlpineS,UpperGundowring
MitchellS,UpperPlenty
BenallaRC,UpperRyansCreek
StrathbogieS,UptonHill
YarraRangesS,Upwey
WellingtonS,ValenciaCreek
SouthernGrampiansS,Vasey
MountAlexanderS,Vaughan
HorshamRC,Vectis
BassCoastS,Ventnor
SouthGippslandS,VenusBay
MaroondahC,Vermont
WhitehorseC,Vermont
WhitehorseC,VermontSouth
CardiniaS,Vervale
BawBawS,Vesper
SthnGrampiansS,VictoriaPoint
SthnGrampiansS,VictoriaValley
BanyuleC,Viewbank
SwanHillRC,Vinifera
GreaterSheppartonC,VioletTown
StrathbogieS,VioletTown
CorangamiteS,ViteVite
CorangamiteS,ViteViteNorth
EastGippslandS,WTree
MoiraS,Waaia
LoddonS,Waanyarra
CorangamiteS,Waarre
WangarattaRC,Wabonga
MoiraS,Waggarandall
IndigoS,Wahgunyah
StrathbogieS,Wahring
HorshamRC,Wail
EastGippslandS,Wairewa
SwanHillRC,Waitchie
NorthernGrampiansS,WalWal
WangarattaRC,Waldara
BawBawS,Walhalla
WellingtonS,Walhalla
WellingtonS,WalhallaEast
SouthGippslandS,Walkerville
SthGippslandS,WalkervilleSouth
MooraboolS,Wallace
GlenelgS,Wallacedale
MoyneS,Wallacedale
EastGippslandS,Wallagaraugh
NorthernGrampiansS,Wallaloo
NthnGrampiansS,WallalooEast
MitchellS,Wallan
GoldenPlainsS,Wallinduc
GreaterGeelongC,Wallington
YarriambiackS,Wallup
MountAlexanderS,Walmer
EastGippslandS,Walpa
MilduraRC,Walpeup
TowongS,Walwa
CampaspeS,Wanalta
GrGeelongC,WandanaHeights
GannawarraS,Wandella
AlpineS,Wandiligong
YarraRangesS,WandinEast
YarraRangesS,WandinNorth
GlenelgS,WandoBridge
GlenelgS,WandoVale
SouthernGrampiansS,WandoVale
MitchellS,Wandong
SwanHillRC,Wandown
BenallaRC,Wangandary
WangarattaRC,Wangandary
EastGippslandS,Wangarabell
WangarattaRC,Wangaratta
WangarattaRC,WangarattaEast
WangarattaRC,WangarattaNorth
WangarattaRC,WangarattaSouth
MoyneS,Wangoom
SouthernGrampiansS,Wannon
KnoxC,Wantirna
KnoxC,WantirnaSouth
CampaspeS,Waranga
GreaterSheppartonC,Waranga
CampaspeS,WarangaShores
SouthGippslandS,WaratahBay
YarraRangesS,Warburton
YarraRangesS,WarburtonEast
CentralGoldfieldsS,Wareek
PyreneesS,Wareek
MilduraRC,Wargan
BulokeS,Warmur
ColacOtwayS,Warncoort
BulokeS,Warne
CaseyC,Warneet
MoyneS,Warrabkook
YarriambiackS,Warracknabeal
BawBawS,Warragul
BawBawS,WarragulSouth
BawBawS,WarragulWest
AraratRC,Warrak
ManninghamC,Warrandyte
NillumbikS,WarrandyteNorth
ManninghamC,WarrandyteSouth
MaroondahC,Warranwood
SouthernGrampiansS,Warrayure
BenallaRC,Warrenbayne
BallaratC,Warrenheip
MooraboolS,Warrenheip
PyreneesS,Warrenmang
ColacOtwayS,Warrion
MoyneS,Warrnambool
WarrnamboolC,Warrnambool
GlenelgS,Warrock
MoyneS,Warrong
HorshamRC,Wartook
NorthernGrampiansS,Wartook
BulokeS,Watchem
BulokeS,WatchemWest
BulokeS,Watchupga
WellingtonS,Waterford
MitchellS,WaterfordPark
EastGippslandS,Waterholes
PyreneesS,Waterloo
KingstonC,Waterways
BanyuleC,Watsonia
BanyuleC,WatsoniaNorth
NillumbikS,WatsonsCreek
BassCoastS,WattleBank
NorthernGrampiansS,WattleCreek
PyreneesS,WattleCreek
BallaratC,WattleFlat
HepburnS,WattleFlat
MooraboolS,WattleFlat
NillumbikS,WattleGlen
CorangamiteS,WattleHill
WhitehorseC,WattlePark
HepburnS,Waubra
PyreneesS,Waubra
GreaterGeelongC,WaurnPonds
EastGippslandS,Waygara
BallaratC,Weatherboard
LoddonS,Wedderburn
LoddonS,WedderburnJunction
GannawarraS,WeeWeeRup
ColacOtwayS,Weeaproinah
EastGippslandS,Weeragua
ColacOtwayS,Weering
CorangamiteS,Weerite
LoddonS,Wehla
GreaterBendigoC,Wellsford
MtAlexanderS,WelshmansReef
SouthGippslandS,Welshpool
SwanHillRC,Wemen
BallaratC,Wendouree
BallaratC,WendoureeVillage
SurfCoastS,Wensleydale
CorangamiteS,Werneth
GoldenPlainsS,Werneth
HepburnS,Werona
MountAlexanderS,Werona
WyndhamC,Werribee
WyndhamC,WerribeeSouth
MilduraRC,Werrimull
YarraRangesS,Wesburn
BassCoastS,WestCreek
BawBawS,Westbury
GannawarraS,Westby
HumeC,Westmeadows
AraratRC,Westmere
CampaspeS,Wharparilla
HepburnS,Wheatsheaf
MonashC,WheelersHill
GreaterBendigoC,Whipstick
BulokeS,Whirily
GreaterBendigoC,WhiteHills
MitchellS,WhiteheadsCreek
SouthGippslandS,Whitelaw
WangarattaRC,Whitfield
WangarattaRC,Whitlands
GreaterGeelongC,Whittington
WhittleseaC,Whittlesea
ColacOtwayS,Whoorel
WangarattaRC,Whorouly
WangarattaRC,WhoroulyEast
WangarattaRC,WhoroulySouth
CampaspeS,Whroo
StrathbogieS,Whroo
AraratRC,Wickliffe
MoiraS,Wilby
SouthGippslandS,WildDogValley
HumeC,Wildwood
BulokeS,Wilkur
YarriambiackS,Wilkur
BulokeS,Willangie
MoyneS,Willatook
AraratRC,Willaura
YarriambiackS,Willenabrina
WyndhamC,WilliamsLanding
HobsonsBayC,Williamstown
HobsonsBayC,WilliamstownNorth
BawBawS,WillowGrove
MitchellS,Willowmavin
WellingtonS,Willung
WellingtonS,WillungSouth
GreaterBendigoC,WilsonsHill
SthGippslandS,WilsonsPromontory
BassCoastS,WimbletonHeights
ColacOtwayS,Winchelsea
SurfCoastS,Winchelsea
SurfCoastS,WinchelseaSouth
BallaratC,Windermere
PortPhillipC,Windsor
StonningtonC,Windsor
EastGippslandS,WinganRiver
ColacOtwayS,Wingeel
GoldenPlainsS,Wingeel
NorthernGrampiansS,Winjallok
SwanHillRC,Winlaton
SwanHillRC,Winnambool
GlenelgS,Winnap
WellingtonS,Winnindoo
MoyneS,Winslow
BenallaRC,Winton
BenallaRC,WintonNorth
StrathbogieS,Wirrate
EastGippslandS,Wiseleigh
WodongaRC,Wodonga
WodongaRC,WodongaWest
WhittleseaC,Wollert
EastGippslandS,WombatCreek
WestWimmeraS,Wombelano
WellingtonS,WonWron
SouthGippslandS,Wonga
ManninghamC,WongaPark
MaroondahC,WongaPark
ColacOtwayS,Wongarra
AlpineS,Wongungarra
WellingtonS,Wongungarra
AlpineS,Wonnangatta
BassCoastS,Wonthaggi
BassCoastS,WonthaggiNorth
HorshamRC,Wonwondah
SouthGippslandS,Wonyip
WellingtonS,Wonyip
SwanHillRC,WoodWood
MacedonRangesS,Woodend
MacedonRangesS,WoodendNorth
MansfieldS,Woodfield
MoyneS,Woodford
WarrnamboolC,Woodford
EastGippslandS,Woodglen
SouthernGrampiansS,Woodhouse
BassCoastS,Woodleigh
MansfieldS,WoodsPoint
MurrindindiS,WoodsPoint
WellingtonS,WoodsPoint
WellingtonS,Woodside
WellingtonS,WoodsideBeach
WellingtonS,WoodsideNorth
WhittleseaC,Woodstock
LoddonS,WoodstockOnLoddon
LoddonS,WoodstockWest
GreaterBendigoC,Woodvale
SouthernGrampiansS,Woohlpooer
ColacOtwayS,WoolWool
CorangamiteS,WoolWool
BassCoastS,Woolamai
WellingtonS,Woolenook
IndigoS,Woolshed
LoddonS,WoolshedFlat
MoyneS,Woolsthorpe
YarriambiackS,Woomelang
IndigoS,Wooragee
WellingtonS,Woorarra
SouthGippslandS,WoorarraWest
YarraRangesS,WooriYallock
SwanHillRC,Woorinen
SwanHillRC,WoorinenNorth
SwanHillRC,WoorinenSouth
AraratRC,Woorndoo
MoyneS,Woorndoo
BulokeS,Wooroonook
BulokeS,Woosang
LoddonS,Woosang
SthnGrampiansS,WootongVale
WellingtonS,Worrowing
WellingtonS,Wrathung
WellingtonS,Wrixen
EastGippslandS,Wroxham
EastGippslandS,WukWuk
EastGippslandS,Wulgulmerang
EastGippsS,WulgulmerangEast
EastGippslS,WulgulmerangWest
MoiraS,Wunghnu
SurfCoastS,Wurdiboluc
WellingtonS,Wurruk
EastGippslandS,WyYung
BulokeS,Wycheproof
BulokeS,WycheproofSouth
LoddonS,Wychitella
LoddonS,WychitellaNorth
ColacOtwayS,WyeRiver
ColacOtwayS,Wyelangta
WyndhamC,WyndhamVale
YarriambiackS,WyperfieldNationalPark
CampaspeS,Wyuna
GreaterSheppartonC,Wyuna
CampaspeS,WyunaEast
YarriambiackS,Yaapeet
MoiraS,YabbaNorth
MoiraS,YabbaSouth
IndigoS,Yackandandah
MoiraS,Yalca
BanyuleC,Yallambie
AraratRC,Yalla-Y-Poora
PyreneesS,Yalla-Y-Poora
LatrobeC,Yallourn
BawBawS,YallournNorth
LatrobeC,YallournNorth
EastGippslandS,Yalmy
MoyneS,Yambuk
CampaspeS,Yambuna
NillumbikS,YanYean
WhittleseaC,YanYean
HindmarshS,Yanac
SouthGippslandS,Yanakie
LoddonS,Yando
HepburnS,Yandoit
MountAlexanderS,YandoitHills
MoyneS,Yangery
WarrnamboolC,Yangery
WellingtonS,Yangoura
CardiniaS,Yannathan
MountAlexanderS,Yapeen
MurrindindiS,Yarck
MoyneS,Yarpturk
YarraRangesS,YarraGlen
YarraRangesS,YarraJunction
LoddonS,Yarraberb
BawBawS,Yarragon
BawBawS,YarragonSouth
WellingtonS,Yarram
NillumbikS,Yarrambat
MaribyrnongC,Yarraville
LoddonS,Yarrawalla
MoiraS,Yarrawonga
MoiraS,Yarroweyah
WangarattaRC,Yarrunga
YarriambiackS,Yarto
SouthernGrampiansS,Yatchaw
BulokeS,YawongHills
MurrindindiS,Yea
YarraRangesS,Yellingbo
MilduraRC,Yelta
MooraboolS,Yendon
ColacOtwayS,Yeo
ColacOtwayS,Yeodene
YarraRangesS,Yering
BulokeS,Yeungroon
BulokeS,YeungroonEast
LoddonS,YeungroonEast
MoiraS,Yielima
LatrobeC,Yinnar
LatrobeC,YinnarSouth
NorthernGrampiansS,YorkPlains
MoiraS,Youanmite
MoiraS,Youarang
SouthernGrampiansS,Yulecart
MoiraS,Yundool
HumeC,Yuroke
ColacOtwayS,Yuulong
CorangamiteS,Yuulong
GreaterSheppartonC,Zeerust
NorthernGrampiansS,Zumsteins
