,Council,City
0,AlpineS,Abbeyard
1,YarraC,Abbotsford
2,MooneeValleyC,Aberfeldie
3,BawBawS,Aberfeldy
4,MurrindindiS,Acheron
5,BawBawS,Ada
6,BassCoastS,AdamsEstate
7,BallaratC,Addington
8,CentralGoldfieldsS,AdelaideLead
9,SouthGippslandS,Agnes
10,YarriambiackS,Ailsa
11,ColacOtwayS,AireValley
12,SurfCoastS,AireysInlet
13,WellingtonS,Airly
14,MooneeValleyC,AirportWest
15,HindmarshS,Albacutya
16,YarriambiackS,Albacutya
17,BrimbankC,Albanvale
18,PortPhillipC,AlbertPark
19,WellingtonS,Alberton
20,WellingtonS,AlbertonWest
21,BrimbankC,Albion
22,MurrindindiS,Alexandra
23,BallaratC,Alfredton
24,BawBawS,Allambee
25,BawBawS,AllambeeReserve
26,SthGippslandS,AllambeeReserve
27,BawBawS,AllambeeSouth
28,SouthGippslandS,AllambeeSouth
29,IndigoS,AllansFlat
30,MoyneS,Allansford
31,WarrnamboolC,Allansford
32,HepburnS,Allendale
33,GlenelgS,Allestree
34,CentralGoldfieldsS,Alma
35,MoiraS,Almonds
36,BassCoastS,Almurta
37,DarebinC,Alphington
38,YarraC,Alphington
39,HobsonsBayC,Altona
40,HobsonsBayC,AltonaEast
41,HobsonsBayC,AltonaMeadows
42,HobsonsBayC,AltonaNorth
43,ColacOtwayS,Alvie
44,CorangamiteS,Alvie
45,CentralGoldfieldsS,Amherst
46,BawBawS,Amor
47,PyreneesS,Amphitheatre
48,GoldenPlainsS,Anakie
49,GreaterGeelongC,Anakie
50,MansfieldS,Ancona
51,BassCoastS,Anderson
52,YarriambiackS,Angip
53,EastGippslandS,AnglersRest
54,SurfCoastS,Anglesea
55,SwanHillRC,Annuello
56,HindmarshS,Antwerp
57,ColacOtwayS,ApolloBay
58,GannawarraS,Appin
59,GannawarraS,AppinPark
60,GannawarraS,AppinSouth
61,LoddonS,AppinSouth
62,WestWimmeraS,Apsley
63,HorshamRC,Arapiles
64,AraratRC,Ararat
65,SouthGippslandS,Arawata
66,WellingtonS,Arbuckle
67,GreaterSheppartonC,Arcadia
68,StrathbogieS,ArcadiaSouth
69,CentralGoldfieldsS,Archdale
70,NorthernGrampiansS,Archdale
71,CentralGoldfieldsS,ArchdaleJunction
72,NthnGrampiansS,ArchdaleJunction
73,BenallaRC,Archerton
74,WangarattaRC,Archerton
75,BassCoastS,ArchiesCreek
76,BrimbankC,Ardeer
77,GreaterSheppartonC,Ardmona
78,YarriambiackS,Areegra
79,GreaterBendigoC,Argyle
80,StonningtonC,Armadale
81,AraratRC,Armstrong
82,LoddonS,Arnold
83,LoddonS,ArnoldWest
84,NillumbikS,ArthursCreek
85,MorningtonPenS,ArthursSeat
86,BallaratC,Ascot
87,GreaterBendigoC,Ascot
88,MooneeValleyC,AscotVale
89,MacedonRangesS,Ashbourne
90,BoroondaraC,Ashburton
91,MonashC,Ashwood
92,KingstonC,Aspendale
93,KingstonC,AspendaleGardens
94,BawBawS,Athlone
95,HumeC,Attwood
96,YarriambiackS,Aubrey
97,BoroondaraC,Auburn
98,BoroondaraC,AuburnSouth
99,LoddonS,Auchmore
100,GreaterGeelongC,Avalon
101,MitchellS,Avenel
102,StrathbogieS,Avenel
103,PyreneesS,Avoca
104,NorthernGrampiansS,AvonPlains
105,MooneeValleyC,AvondaleHeights
106,GreaterBendigoC,Avonmore
107,CardiniaS,Avonsleigh
108,GreaterBendigoC,AxeCreek
109,GreaterBendigoC,Axedale
110,CorangamiteS,Ayrford
111,MoyneS,Ayrford
112,MooraboolS,BacchusMarsh
113,BenallaRC,Baddaginnie
114,StrathbogieS,Baddaginnie
115,YarraRangesS,BadgerCreek
116,GannawarraS,BaelBael
117,GreaterBendigoC,Bagshot
118,GreaterBendigoC,BagshotNorth
119,GlenelgS,Bahgallah
120,StrathbogieS,Bailieston
121,EastGippslandS,Bairnsdale
122,EastGippslandS,BairnsdaleEast
123,BallaratC,BakeryHill
124,PortPhillipC,Balaclava
125,BallaratC,BaldHills
126,HepburnS,BaldHills
127,ColacOtwayS,Balintore
128,MooraboolS,Ballan
129,MoyneS,Ballangeich
130,BulokeS,Ballapur
131,BallaratC,Ballarat
132,BallaratC,BallaratEast
133,CampaspeS,Ballendella
134,GreaterGeelongC,Balliang
135,MooraboolS,Balliang
136,MooraboolS,BalliangEast
137,AraratRC,Ballyrogan
138,PyreneesS,Ballyrogan
139,StrathbogieS,Balmattum
140,SouthernGrampiansS,Balmoral
141,MorningtonPeninsulaS,Balnarring
142,MorningtonPenS,BalnarringBeach
143,LatrobeC,Balook
144,WellingtonS,Balook
145,BoroondaraC,Balwyn
146,BoroondaraC,BalwynNorth
147,WhitehorseC,BalwynNorth
148,CampaspeS,Bamawm
149,CampaspeS,BamawmExtension
150,SurfCoastS,Bambra
151,GoldenPlainsS,Bamganie
152,WodongaRC,Bandiana
153,YarriambiackS,Bangerang
154,GreaterDandenongC,Bangholme
155,SwanHillRC,Bannerton
156,GoldenPlainsS,Bannockburn
157,BulokeS,Banyan
158,NorthernGrampiansS,Banyena
159,BulokeS,Banyenong
160,WodongaRC,Baranduda
161,GreaterGeelongC,Bareena
162,MountAlexanderS,Barfold
163,MountAlexanderS,Baringhup
164,MountAlexanderS,BaringhupWest
165,BenallaRC,Barjarg
166,MansfieldS,Barjarg
167,MountAlexanderS,BarkersCreek
168,NorthernGrampiansS,Barkly
169,PyreneesS,Barkly
170,MooraboolS,Barkstead
171,MoiraS,Barmah
172,GreaterBendigoC,Barnadown
173,IndigoS,Barnawartha
174,WodongaRC,BarnawarthaNorth
175,SouthGippslandS,Baromi
176,ColacOtwayS,Barongarook
177,ColacOtwayS,BarongarookWest
178,SurfCoastS,Barrabool
179,BulokeS,Barrakee
180,ColacOtwayS,Barramunga
181,LoddonS,Barraport
182,LoddonS,BarraportWest
183,MooraboolS,BarrysReef
184,GoldenPlainsS,BarunahPark
185,AlpineS,Barwidgee
186,MansfieldS,Barwite
187,ColacOtwayS,BarwonDowns
188,GreaterGeelongC,BarwonHeads
189,HepburnS,Basalt
190,BassCoastS,Bass
191,GoldenPlainsS,Batesford
192,GreaterGeelongC,Batesford
193,MoiraS,Bathumi
194,MorelandC,Batman
195,BawBawS,BawBaw
196,BawBawS,BawBawVillage
197,MorningtonPeninsulaS,Baxter
198,AraratRC,Bayindeen
199,CardiniaS,Bayles
200,MacedonRangesS,Baynton
201,MacedonRangesS,BayntonEast
202,KnoxC,Bayswater
203,MaroondahC,BayswaterNorth
204,CardiniaS,Beaconsfield
205,CaseyC,Beaconsfield
206,CardiniaS,BeaconsfieldUpper
207,CentralGoldfieldsS,Bealiba
208,LoddonS,Bealiba
209,MoiraS,Bearii
210,LoddonS,BearsLagoon
211,GannawarraS,Beauchamp
212,SwanHillRC,Beauchamp
213,PyreneesS,Beaufort
214,BaysideC,Beaumaris
215,NthnGrampiansS,BeazleysBridge
216,ColacOtwayS,Beeac
217,ColacOtwayS,BeechForest
218,IndigoS,Beechworth
219,YarraRangesS,Beenak
220,YarraRangesS,Belgrave
221,YarraRangesS,BelgraveHeights
222,YarraRangesS,BelgraveSouth
223,GreaterGeelongC,BellPark
224,GreaterGeelongC,BellPostHill
225,GreaterGeelongC,Bellarine
226,EastGippslandS,BellbirdCreek
227,SurfCoastS,Bellbrae
228,TowongS,Bellbridge
229,NorthernGrampiansS,Bellellen
230,BanyuleC,Bellfield
231,NorthernGrampiansS,Bellfield
232,SouthernGrampiansS,Bellfield
233,SurfCoastS,BellsBeach
234,GreaterGeelongC,Belmont
235,EastGippslandS,BemmRiver
236,SouthGippslandS,Bena
237,BenallaRC,Benalla
238,EastGippslandS,Benambra
239,WestWimmeraS,Benayeo
240,NillumbikS,BendofIslands
241,GreaterBendigoC,Bendigo
242,GreaterBendigoC,BendigoEast
243,GreaterBendigoC,BendigoNorth
244,GreaterBendigoC,BendigoWest
245,EastGippslandS,Bendoc
246,EastGippslandS,Bengworden
247,GannawarraS,Benjeroop
248,MacedonRangesS,Benloch
249,WhitehorseC,Bennettswood
250,SouthGippslandS,Bennison
251,GlenEiraC,Bentleigh
252,GlenEiraC,BentleighEast
253,SurfCoastS,Benwerrin
254,MooraboolS,Beremboke
255,LoddonS,Berrimal
256,GoldenPlainsS,Berringa
257,TowongS,Berringama
258,BulokeS,Berriwillock
259,CorangamiteS,Berrybank
260,GoldenPlainsS,Berrybank
261,SouthGippslandS,BerrysCreek
262,CaseyC,Berwick
263,GlenelgS,Bessiebelle
264,MoyneS,Bessiebelle
265,CentralGoldfieldsS,BetBet
266,EastGippslandS,BeteBolong
267,EastGippslandS,BeteBolongNorth
268,TowongS,Bethanga
269,CentralGoldfieldsS,Betley
270,YarriambiackS,Beulah
271,SwanHillRC,Beverford
272,MitchellS,Beveridge
273,WhittleseaC,Beveridge
274,HindmarshS,BigDesert
275,MilduraRC,BigDesert
276,WestWimmeraS,BigDesert
277,GreaterBendigoC,BigHill
278,SurfCoastS,BigHill
279,YarraRangesS,BigPatsCreek
280,TowongS,Biggara
281,WellingtonS,Billabong
282,BulokeS,Bimbourie
283,EastGippslandS,Bindi
284,SouthGippslandS,Binginwarri
285,WellingtonS,Binginwarri
286,EastGippslandS,BingoMunji
287,BulokeS,Birchip
288,BulokeS,BirchipWest
289,MilduraRC,Birdwoodton
290,ColacOtwayS,Birregurra
291,SurfCoastS,Birregurra
292,MorningtonPeninsulaS,Bittern
293,BallaratC,BlackHill
294,AraratRC,BlackRange
295,NorthernGrampiansS,BlackRange
296,BaysideC,BlackRock
297,WhitehorseC,Blackburn
298,WhitehorseC,BlackburnNorth
299,WhitehorseC,BlackburnSouth
300,HorshamRC,Blackheath
301,WellingtonS,Blackwarry
302,MooraboolS,Blackwood
303,BassCoastS,BlackwoodForest
304,HepburnS,BlackwoodNorth
305,MorningtonPeninsulaS,Blairgowrie
306,MooraboolS,Blakeville
307,HepburnS,Blampied
308,CaseyC,BlindBight
309,BallaratC,Blowhard
310,BallaratC,BoPeep
311,PyreneesS,BoPeep
312,WangarattaRC,Bobinawarrah
313,SouthernGrampiansS,Bochara
314,AlpineS,Bogong
315,StrathbogieS,Boho
316,BenallaRC,BohoSouth
317,StrathbogieS,BohoSouth
318,BulokeS,Boigbeat
319,MilduraRC,Boinka
320,WellingtonS,Boisdale
321,NorthernGrampiansS,Bolangum
322,MacedonRangesS,Bolinda
323,SwanHillRC,Bolton
324,GlenelgS,Bolwarra
325,MooraboolS,Bolwarrah
326,BawBawS,BonaVista
327,EastGippslandS,Bonang
328,KingstonC,Bonbeach
329,WodongaRC,Bonegilla
330,MorningtonPeninsulaS,Boneo
331,BenallaRC,BonnieDoon
332,MansfieldS,BonnieDoon
333,BallaratC,Bonshaw
334,CorangamiteS,Bookaar
335,BawBawS,Boola
336,LatrobeC,Boola
337,SouthGippslandS,Boolarong
338,LatrobeC,Boolarra
339,SouthGippslandS,Boolarra
340,LatrobeC,BoolarraSouth
341,SouthGippslandS,BoolarraSouth
342,EastGippslandS,BoolePoole
343,YarriambiackS,Boolite
344,MoiraS,Boomahnoomoonah
345,SurfCoastS,Boonah
346,CorangamiteS,Boorcan
347,WangarattaRC,Boorhaman
348,WangarattaRC,BoorhamanEast
349,WangarattaRC,BoorhamanNorth
350,MansfieldS,Boorolite
351,SouthGippslandS,Boorool
352,LoddonS,Boort
353,MoiraS,Boosey
354,WangarattaRC,Boralma
355,AraratRC,BornesHill
356,KnoxC,Boronia
357,LoddonS,Borung
358,CorangamiteS,BostockCreek
359,SwanHillRC,BoundaryBend
360,CentralGoldfieldsS,Bowenvale
361,BenallaRC,Boweya
362,WangarattaRC,Boweya
363,MoiraS,BoweyaNorth
364,WangarattaRC,BowmansForest
365,WangarattaRC,Bowser
366,WhitehorseC,BoxHill
367,WhitehorseC,BoxHillNorth
368,WhitehorseC,BoxHillSouth
369,BenallaRC,Boxwood
370,GreaterSheppartonC,Boxwood
371,MountAlexanderS,Bradford
372,CorangamiteS,Bradvale
373,KingstonC,Braeside
374,GreaterSheppartonC,Branditt
375,BawBawS,BrandyCreek
376,GlenelgS,Branxholme
377,SouthernGrampiansS,Branxholme
378,BawBawS,Bravington
379,MaribyrnongC,Braybrook
380,GlenelgS,BreakawayCreek
381,GreaterGeelongC,Breakwater
382,MoyneS,BreakwaterCreek
383,GreaterGeelongC,Breamlea
384,SurfCoastS,Breamlea
385,LoddonS,Brenanah
386,PyreneesS,Brewster
387,WellingtonS,Briagolong
388,BanyuleC,BriarHill
389,NillumbikS,BriarHill
390,BenallaRC,BridgeCreek
391,MansfieldS,BridgeCreek
392,NorthernGrampiansS,BridgeInn
393,LoddonS,Bridgewater
394,LoddonS,BridgewaterNorth
395,LoddonS,BridgewateronLondon
396,AlpineS,Bright
397,BaysideC,Brighton
398,BaysideC,BrightonEast
399,GlenEiraC,BrightonEast
400,YarriambiackS,Brim
401,GlenelgS,Brimboal
402,IndigoS,Brimin
403,HorshamRC,Brimpaen
404,NorthernGrampiansS,Brimpaen
405,WestWimmeraS,Bringalbert
406,SouthernGrampiansS,BritBrit
407,MitchellS,Broadford
408,EastGippslandS,Broadlands
409,HumeC,Broadmeadows
410,MoyneS,Broadwater
411,EastGippslandS,BrodribbRiver
412,BenallaRC,BrokenCreek
413,CentralGoldfieldsS,Bromley
414,MeltonS,Brookfield
415,BrimbankC,Brooklyn
416,HobsonsBayC,Brooklyn
417,MaribyrnongC,Brooklyn
418,EastGippslandS,Brookville
419,HepburnS,Broomfield
420,HindmarshS,Broughton
421,WestWimmeraS,Broughton
422,BallaratC,BrownHill
423,IndigoS,BrownsPlains
424,IndigoS,Bruarong
425,WhittleseaC,BrucesCreek
426,CorangamiteS,Brucknell
427,MoyneS,Brucknell
428,MorelandC,Brunswick
429,MorelandC,BrunswickEast
430,MorelandC,BrunswickWest
431,EastGippslandS,Bruthen
432,AraratRC,Buangor
433,PyreneesS,Buangor
434,EastGippslandS,Buchan
435,EastGippslandS,BuchanSouth
436,AlpineS,Buckland
437,SurfCoastS,Buckley
438,SthnGrampiansS,BuckleySwamp
439,BulokeS,Buckrabanyule
440,LoddonS,Buckrabanyule
441,WellingtonS,BudgeeBudgee
442,LatrobeC,Budgeree
443,GannawarraS,BudgerumEast
444,SouthGippslandS,Buffalo
445,AlpineS,BuffaloCreek
446,AlpineS,BuffaloRiver
447,SouthernGrampiansS,Bulart
448,EastGippslandS,Buldah
449,SwanHillRC,Bulga
450,NorthernGrampiansS,Bulgana
451,HumeC,Bulla
452,CorangamiteS,Bullaharre
453,HepburnS,Bullarook
454,MooraboolS,Bullarook
455,HepburnS,Bullarto
456,HepburnS,BullartoSouth
457,MooraboolS,BullartoSouth
458,ManninghamC,Bulleen
459,MacedonRangesS,Bullengarook
460,TowongS,Bullioh
461,EastGippslandS,Bullumwaal
462,BawBawS,BulnBuln
463,BawBawS,BulnBulnEast
464,EastGippslandS,Bumberrah
465,GreaterSheppartonC,Bunbartha
466,WellingtonS,Bundalaguah
467,MoiraS,Bundalong
468,MoiraS,BundalongSouth
469,EastGippslandS,Bundara
470,MooraboolS,Bunding
471,BanyuleC,Bundoora
472,DarebinC,Bundoora
473,WhittleseaC,Bundoora
474,CentralGoldfieldsS,BungBong
475,PyreneesS,BungBong
476,ColacOtwayS,Bungador
477,MooraboolS,Bungal
478,HorshamRC,Bungalally
479,MooraboolS,Bungaree
480,BenallaRC,Bungeet
481,BenallaRC,BungeetWest
482,TowongS,Bungil
483,BulokeS,Bunguluke
484,BallaratC,Buninyong
485,MooraboolS,Buninyong
486,BallaratC,BunkersHill
487,CardiniaS,Bunyip
488,CardiniaS,BunyipNorth
489,WellingtonS,Buragwonduc
490,GannawarraS,BurkesBridge
491,LoddonS,BurkesFlat
492,PyreneesS,Burnbank
493,CampaspeS,Burnewang
494,YarraC,Burnley
495,MeltonS,Burnside
496,MeltonS,BurnsideHeights
497,MoiraS,Burramine
498,MoiraS,BurramineSouth
499,TowongS,Burrowyne
500,BallaratC,Burrumbeet
501,PyreneesS,Burrumbeet
502,BoroondaraC,Burwood
503,MonashC,Burwood
504,WhitehorseC,Burwood
505,WhitehorseC,BurwoodEast
506,MoyneS,Bushfield
507,WarrnamboolC,Bushfield
508,WellingtonS,BushyPark
509,EastGippslandS,ButchersRidge
510,MurrindindiS,Buxton
511,GlenelgS,Byaduk
512,MoyneS,Byaduk
513,SouthernGrampiansS,Byaduk
514,SthnGrampiansS,ByadukNorth
515,WangarattaRC,Byawatha
516,MacedonRangesS,Bylands
517,MitchellS,Bylands
518,GreaterSheppartonC,Byrneside
519,EastGippslandS,Cabanandra
520,MilduraRC,Cabarita
521,HepburnS,CabbageTree
522,EastGippslandS,CabbageTreeCreek
523,BrimbankC,Cairnlea
524,BrimbankC,CalderPark
525,CardiniaS,Caldermeade
526,GreaterBendigoC,CaliforniaGully
527,LoddonS,Calivil
528,NorthernGrampiansS,Callawadda
529,LatrobeC,Callignee
530,WellingtonS,CalligneeNorth
531,WellingtonS,CalligneeSouth
532,WellingtonS,Calrossie
533,EastGippslandS,Calulu
534,YarraRangesS,Cambarville
535,BoroondaraC,Camberwell
536,BoroondaraC,CamberwellEast
537,GoldenPlainsS,CambrianHill
538,CampaspeS,CampaspeWest
539,HumeC,Campbellfield
540,NthnGrampiansS,CampbellsBridge
541,MtAlexanderS,CampbellsCreek
542,LoddonS,CampbellsForest
543,CentralGoldfieldsS,Campbelltown
544,HepburnS,Campbelltown
545,MountAlexanderS,Campbelltown
546,CorangamiteS,Camperdown
547,BallaratC,Canadian
548,LoddonS,CanaryIsland
549,GreaterSheppartonC,Caniambo
550,EastGippslandS,CannRiver
551,GannawarraS,Cannie
552,CaseyC,CannonsCreek
553,YarriambiackS,Cannum
554,BoroondaraC,Canterbury
555,GlenelgS,CapeBridgewater
556,GoldenPlainsS,CapeClear
557,EastGippslandS,CapeConran
558,ColacOtwayS,CapeOtway
559,BassCoastS,CapePaterson
560,MorningtonPenS,CapeSchanck
561,BassCoastS,CapeWoolamai
562,GannawarraS,CapelsCrossing
563,CampaspeS,CaragCarag
564,CentralGoldfieldsS,Caralulup
565,MoyneS,Caramut
566,SouthernGrampiansS,Caramut
567,NorthernGrampiansS,Carapooee
568,NthnGrampiansS,CarapooeeWest
569,GlenelgS,Carapook
570,SouthernGrampiansS,Carapook
571,WangarattaRC,Carboor
572,BallaratC,Cardigan
573,BallaratC,CardiganVillage
574,CardiniaS,Cardinia
575,MilduraRC,Cardross
576,MooraboolS,Cargerie
577,MilduraRC,Carina
578,BawBawS,Caringal
579,CentralGoldfieldsS,Carisbrook
580,MountAlexanderS,Carisbrook
581,ColacOtwayS,CarlisleRiver
582,CorangamiteS,CarlisleRiver
583,MacedonRangesS,Carlsruhe
584,MelbourneC,Carlton
585,MelbourneC,CarltonNorth
586,YarraC,CarltonNorth
587,IndigoS,Carlyle
588,GlenEiraC,Carnegie
589,PyreneesS,Carngham
590,MeltonS,CarolineSprings
591,ColacOtwayS,Carpendeit
592,CorangamiteS,Carpendeit
593,WellingtonS,Carrajung
594,WellingtonS,CarrajungLower
595,WellingtonS,CarrajungSouth
596,AraratRC,Carranballac
597,PyreneesS,Carranballac
598,BulokeS,Carron
599,KingstonC,Carrum
600,FrankstonC,CarrumDowns
601,MilduraRC,Carwarp
602,GlenelgS,Cashmore
603,EastGippslandS,Cassilis
604,MurrindindiS,Castella
605,GlenelgS,Casterton
606,WodongaRC,CastleCreek
607,SwanHillRC,CastleDonnington
608,WellingtonS,Castleburn
609,MountAlexanderS,Castlemaine
610,CardiniaS,Catani
611,AraratRC,Cathcart
612,MurrindindiS,Cathkin
613,LoddonS,Catumnal
614,GlenEiraC,Caulfield
615,GlenEiraC,CaulfieldEast
616,GlenEiraC,CaulfieldNorth
617,GlenEiraC,CaulfieldSouth
618,MurrindindiS,Caveat
619,SouthernGrampiansS,Cavendish
620,GreaterGeelongC,Ceres
621,MonashC,Chadstone
622,EastGippslandS,ChandlersCreek
623,BallaratC,ChapelFlat
624,ColacOtwayS,ChappleVale
625,CorangamiteS,ChappleVale
626,WestWimmeraS,Charam
627,IndigoS,Charleroi
628,BulokeS,Charlton
629,AraratRC,Chatsworth
630,MoyneS,Chatsworth
631,KingstonC,Chelsea
632,KingstonC,ChelseaHeights
633,BaysideC,Cheltenham
634,KingstonC,Cheltenham
635,PyreneesS,Chepstowe
636,MacedonRangesS,Cherokee
637,WellingtonS,Cherrilong
638,NorthernGrampiansS,Cherrypool
639,SouthernGrampiansS,Cherrypool
640,WangarattaRC,Cheshunt
641,WangarattaRC,CheshuntSouth
642,BenallaRC,ChesneyVale
643,GlenelgS,Chetwynd
644,WestWimmeraS,Chetwynd
645,MurrindindiS,Cheviot
646,MountAlexanderS,Chewton
647,MtAlexanderS,ChewtonBushlands
648,BawBawS,Childers
649,SwanHillRC,Chillingollah
650,IndigoS,Chiltern
651,IndigoS,ChilternValley
652,SwanHillRC,Chinangin
653,SwanHillRC,Chinkapook
654,MacedonRangesS,Chintin
655,YarraRangesS,ChirnsidePark
656,BulokeS,Chirrup
657,CorangamiteS,Chocolyn
658,WellingtonS,Christies
659,NillumbikS,ChristmasHills
660,YarraRangesS,ChumCreek
661,LatrobeC,Churchill
662,BassCoastS,ChurchillIsland
663,PyreneesS,Chute
664,MooraboolS,Clarendon
665,MooraboolS,Claretown
666,KingstonC,Clarinda
667,HumeC,Clarkefield
668,MacedonRangesS,Clarkefield
669,MooraboolS,ClarkesHill
670,MonashC,Clayton
671,KingstonC,ClaytonSouth
672,HorshamRC,ClearLake
673,CardiniaS,Clematis
674,YarraRangesS,Clematis
675,EastGippslandS,CliftonCreek
676,YarraC,CliftonHill
677,GreaterGeelongC,CliftonSprings
678,MitchellS,Clonbinane
679,GlenelgS,CloverFlat
680,SouthernGrampiansS,CloverFlat
681,BawBawS,Cloverlea
682,EastGippslandS,ClubTerrace
683,HepburnS,Clunes
684,CaseyC,Clyde
685,CaseyC,ClydeNorth
686,WellingtonS,Clydebank
687,HepburnS,Clydesdale
688,BawBawS,Coalville
689,GlenEiraC,Coatesville
690,WellingtonS,Cobains
691,MacedonRangesS,Cobaw
692,EastGippslandS,Cobbannah
693,EastGippslandS,Cobberas
694,CorangamiteS,Cobden
695,MoiraS,Cobram
696,MoiraS,CobramEast
697,CorangamiteS,Cobrico
698,AlpineS,Cobungra
699,EastGippslandS,Cobungra
700,DarebinC,Coburg
701,MorelandC,Coburg
702,DarebinC,CoburgNorth
703,MorelandC,CoburgNorth
704,SwanHillRC,Cocamba
705,LoddonS,CochranesCreek
706,CardiniaS,Cockatoo
707,WyndhamC,Cocoroc
708,MoyneS,Codrington
709,BallaratC,CoghillsCreek
710,GannawarraS,Cohuna
711,MooraboolS,Coimadai
712,BulokeS,Cokum
713,ColacOtwayS,Colac
714,TowongS,ColacColac
715,ColacOtwayS,ColacEast
716,ColacOtwayS,ColacWest
717,CampaspeS,Colbinabbin
718,MooraboolS,Colbrook
719,YarraRangesS,Coldstream
720,SouthernGrampiansS,Coleraine
721,MilduraRC,Colignan
722,YarraC,Collingwood
723,GreaterSheppartonC,Colliver
724,EastGippslandS,Combienbar
725,NorthernGrampiansS,Concongella
726,GlenelgS,Condah
727,MoyneS,CondahSwamp
728,GreaterSheppartonC,Congupna
729,GreaterGeelongC,Connewarre
730,SurfCoastS,Connewarre
731,WestWimmeraS,Connewirrecoo
732,SouthernGrampiansS,Coojar
733,HumeC,Coolaroo
734,GreaterSheppartonC,Cooma
735,GreaterSheppartonC,Coomboona
736,HepburnS,Coomoora
737,WellingtonS,Coongulla
738,BulokeS,CoonooerBridge
739,LoddonS,CoonooerBridge
740,NthnGrampiansS,CoonooerBridge
741,NthnGrampiansS,CoonooerWest
742,BawBawS,CoopersCreek
743,CorangamiteS,Cooriemungle
744,BulokeS,CopeCope
745,NorthernGrampiansS,CopeCope
746,CardiniaS,CoraLynn
747,BulokeS,Corack
748,BulokeS,CorackEast
749,ColacOtwayS,Coragulac
750,AlpineS,CoralBank
751,GoldenPlainsS,Corindhap
752,BassCoastS,Corinella
753,GreaterGeelongC,Corio
754,GlenelgS,Corndale
755,CampaspeS,Cornella
756,IndigoS,Cornishtown
757,BassCoastS,CoronetBay
758,CampaspeS,Corop
759,ColacOtwayS,Cororooke
760,EastGippslandS,Corringle
761,TowongS,Corryong
762,ColacOtwayS,Corunnun
763,GreaterSheppartonC,Cosgrove
764,GreaterSheppartonC,CosgroveSouth
765,GreaterBendigoC,Costerfield
766,BoroondaraC,Cotham
767,CentralGoldfieldsS,Cotswold
768,NillumbikS,CottlesBridge
769,WellingtonS,Cowa
770,MilduraRC,Cowangie
771,BassCoastS,Cowes
772,CorangamiteS,CowleysCreek
773,LatrobeC,Cowwarr
774,WellingtonS,Cowwarr
775,CentralGoldfieldsS,Craigie
776,HumeC,Craigieburn
777,CaseyC,Cranbourne
778,CaseyC,CranbourneEast
779,CaseyC,CranbourneNorth
780,CaseyC,CranbourneSouth
781,CaseyC,CranbourneWest
782,BenallaRC,CreekJunction
783,MansfieldS,CreekJunction
784,StrathbogieS,CreekJunction
785,CampaspeS,CreekView
786,StrathbogieS,Creighton
787,StrathbogieS,CreightonsCreek
788,YarraC,Cresmorne
789,ColacOtwayS,Cressy
790,CorangamiteS,Cressy
791,GoldenPlainsS,Cressy
792,BallaratC,Creswick
793,HepburnS,Creswick
794,HepburnS,CreswickNorth
795,MorningtonPeninsulaS,CribPoint
796,BaysideC,Cromer
797,WellingtonS,Crookayan
798,WellingtonS,CrookedRiver
799,PyreneesS,CrossRoads
800,MoyneS,Crossley
801,BawBawS,Crossover
802,AraratRC,Crowlands
803,NorthernGrampiansS,Crowlands
804,PyreneesS,Crowlands
805,SouthernGrampiansS,CroxtonEast
806,MaroondahC,Croydon
807,MaroondahC,CroydonHills
808,MaroondahC,CroydonNorth
809,MaroondahC,CroydonSouth
810,HindmarshS,Crymelon
811,YarriambiackS,Crymelon
812,MoyneS,Cudgee
813,TowongS,Cudgewa
814,BulokeS,Culgoa
815,SouthernGrampiansS,Culla
816,GannawarraS,Cullen
817,MilduraRC,Cullulleraine
818,ColacOtwayS,Cundare
819,ColacOtwayS,CundareNorth
820,CorangamiteS,CundareNorth
821,CorangamiteS,CurdieVale
822,MoyneS,CurdieVale
823,CorangamiteS,CurdiesRiver
824,GreaterGeelongC,Curlewis
825,BulokeS,Curyo
826,HorshamRC,DadswellsBridge
827,NthnGrampiansS,DadswellsBridge
828,CentralGoldfieldsS,DaisyHill
829,MooraboolS,DalesCreek
830,HumeC,Dallas
831,CardiniaS,Dalmore
832,GannawarraS,DaltonsBridge
833,NorthernGrampiansS,Dalyenong
834,BassCoastS,Dalyston
835,GreaterDandenongC,Dandenong
836,GrDandenongC,DandenongNorth
837,GrDandenongC,DandenongSouth
838,AlpineS,Dandongadale
839,AlpineS,Dargo
840,WellingtonS,Dargo
841,NorthernGrampiansS,Darkbonee
842,MooraboolS,Darley
843,LatrobeC,Darlimurla
844,SouthGippslandS,Darlimurla
845,CorangamiteS,Darlington
846,MoyneS,Darlington
847,BawBawS,Darnum
848,MacedonRangesS,DarraweitGuim
849,WellingtonS,Darriman
850,GlenelgS,Dartmoor
851,EastGippslandS,Dartmouth
852,TowongS,Dartmouth
853,WellingtonS,Dawson
854,HepburnS,Daylesford
855,HepburnS,Dean
856,SurfCoastS,DeansMarsh
857,EastGippslandS,DeddickValley
858,AlpineS,Dederang
859,NorthernGrampiansS,DeepLead
860,BrimbankC,DeerPark
861,BallaratC,Delacombe
862,BrimbankC,Delahey
863,MansfieldS,Delatite
864,BawBawS,Delburn
865,LatrobeC,Delburn
866,SouthGippslandS,Delburn
867,EastGippslandS,DelegateRiverEast
868,EastGippslandS,Dellicknora
869,BaysideC,Dendy
870,AraratRC,DenicullCreek
871,WellingtonS,Denison
872,MoyneS,Dennington
873,WarrnamboolC,Dennington
874,HepburnS,Denver
875,MacedonRangesS,Denver
876,EastGippslandS,Deptford
877,LoddonS,Derby
878,GoldenPlainsS,Dereel
879,GlenelgS,Dergholm
880,WestWimmeraS,Dergholm
881,BrimbankC,Derrimut
882,GreaterBendigoC,Derrinal
883,CorangamiteS,Derrinallum
884,BenallaRC,Devenish
885,MurrindindiS,DevilsRiver
886,CaseyC,DevonMeadows
887,WellingtonS,DevonNorth
888,CardiniaS,Dewhurst
889,GreaterSheppartonC,Dhurringile
890,NillumbikS,DiamondCreek
891,GreaterBendigoC,DiamondHill
892,GlenelgS,Digby
893,HumeC,DiggersRest
894,MeltonS,DiggersRest
895,CampaspeS,Diggora
896,HindmarshS,Dimboola
897,CampaspeS,Dingee
898,LoddonS,Dingee
899,KingstonC,DingleyVillage
900,GannawarraS,Dingwall
901,AlpineS,DinnerPlain
902,CorangamiteS,Dixie
903,YarraRangesS,DixonsCreek
904,AraratRC,Dobie
905,WangarattaRC,Docker
906,WangarattaRC,DockersPlains
907,MelbourneC,Docklands
908,EastGippslandS,DoctorsFlat
909,SouthGippslandS,Dollar
910,YarraRangesS,DonValley
911,BulokeS,Donald
912,ManninghamC,Doncaster
913,ManninghamC,DoncasterEast
914,WhittleseaC,Donnybrook
915,ManninghamC,Donvale
916,BulokeS,Dooboobetic
917,HorshamRC,Dooen
918,GreaterSheppartonC,Dookie
919,GreaterSheppartonC,DookieCollege
920,NillumbikS,Doreen
921,WhittleseaC,Doreen
922,WestWimmeraS,Dorodong
923,EastGippslandS,DoubleBridges
924,HorshamRC,Douglas
925,WestWimmeraS,Douglas
926,CaseyC,Doveton
927,ColacOtwayS,Dreeite
928,CorangamiteS,Dreeite
929,ColacOtwayS,DreeiteSouth
930,CorangamiteS,DreeiteSouth
931,BawBawS,Driffield
932,LatrobeC,Driffield
933,GlenelgS,DrikDrik
934,MorningtonPeninsulaS,Dromana
935,MurrindindiS,Dropmore
936,BawBawS,Drouin
937,BawBawS,DrouinEast
938,BawBawS,DrouinSouth
939,BawBawS,DrouinWest
940,MoiraS,Drumanure
941,GlenelgS,Drumborg
942,GreaterGeelongC,Drumcondra
943,CampaspeS,Drummartin
944,GreaterBendigoC,Drummartin
945,HepburnS,Drummond
946,MacedonRangesS,Drummond
947,HepburnS,DrummondNorth
948,MacedonRangesS,DrummondNorth
949,MtAlexanderS,DrummondNorth
950,HorshamRC,Drung
951,HepburnS,DryDiggings
952,GreaterGeelongC,Drysdale
953,HorshamRC,Duchembegarra
954,BassCoastS,DudleySouth
955,SouthGippslandS,Dumbalk
956,SouthGippslandS,DumbalkNorth
957,BulokeS,Dumosa
958,CentralGoldfieldsS,Dunach
959,HepburnS,Dunach
960,MoyneS,Dundonnell
961,GreaterDandenongC,Dunearn
962,AraratRC,Dunkeld
963,SouthernGrampiansS,Dunkeld
964,GreaterSheppartonC,Dunkirk
965,CentralGoldfieldsS,Dunluce
966,AraratRC,Dunneworthy
967,NthnGrampiansS,Dunneworthy
968,MooraboolS,Dunnstown
969,CentralGoldfieldsS,Dunolly
970,LoddonS,Dunolly
971,GlenelgS,Dunrobin
972,GoldenPlainsS,Durdidwarrah
973,BallaratC,DurhamLead
974,GoldenPlainsS,DurhamLead
975,MooraboolS,DurhamLead
976,LoddonS,DurhamOx
977,WellingtonS,Dutson
978,WellingtonS,DutsonDowns
979,GlenelgS,DuttonWay
980,CorangamiteS,Duverney
981,MitchellS,Dysart
982,EastGippslandS,EaglePoint
983,GreaterBendigoC,Eaglehawk
984,GrBendigoC,EaglehawkNorth
985,BanyuleC,Eaglemont
986,StrathbogieS,Earlston
987,MelbourneC,EastMelbourne
988,SurfCoastS,EasternView
989,LoddonS,Eastville
990,MountAlexanderS,Eastville
991,WodongaRC,Ebden
992,CampaspeS,Echuca
993,CampaspeS,EchucaVillage
994,CampaspeS,EchucaWest
995,CorangamiteS,EcklinSouth
996,MoyneS,EcklinSouth
997,CentralGoldfieldsS,Eddington
998,LoddonS,Eddington
999,MountAlexanderS,Eddington
1000,WhittleseaC,EdenPark
1001,WestWimmeraS,Edenhope
1002,MacedonRangesS,Edgecombe
1003,WangarattaRC,Edi
1004,WangarattaRC,EdiUpper
1005,KingstonC,Edithvale
1006,HepburnS,Eganstown
1007,MansfieldS,Eildon
1008,MurrindindiS,Eildon
1009,MooraboolS,Elaine
1010,NorthernGrampiansS,Elberton
1011,WangarattaRC,Eldorado
1012,HepburnS,ElevatedPlains
1013,CorangamiteS,Elingamite
1014,CorangamiteS,ElingamiteNorth
1015,EastGippslandS,Ellaswood
1016,MoyneS,Ellerslie
1017,ColacOtwayS,Elliminyt
1018,BawBawS,Ellinbank
1019,AraratRC,Elmhurst
1020,PyreneesS,Elmhurst
1021,CampaspeS,Elmore
1022,GreaterBendigoC,Elmore
1023,MountAlexanderS,Elphinstone
1024,GlenEiraC,Elsternwick
1025,BanyuleC,Eltham
1026,NillumbikS,Eltham
1027,BanyuleC,ElthamNorth
1028,NillumbikS,ElthamNorth
1029,PortPhillipC,Elwood
1030,CardiniaS,Emerald
1031,YarraRangesS,Emerald
1032,CentralGoldfieldsS,Emu
1033,LoddonS,Emu
1034,NorthernGrampiansS,Emu
1035,GreaterBendigoC,EmuCreek
1036,MitchellS,EmuFlat
1037,CaseyC,EndeavourHills
1038,GoldenPlainsS,Enfield
1039,SouthernGrampiansS,Englefield
1040,EastGippslandS,Ensay
1041,EastGippslandS,EnsayNorth
1042,GreaterBendigoC,Eppalock
1043,WhittleseaC,Epping
1044,GreaterBendigoC,Epsom
1045,BallaratC,Ercildoune
1046,PyreneesS,Ercildoune
1047,BawBawS,Erica
1048,EastGippslandS,Erinunderra
1049,TowongS,Eskdale
1050,MoiraS,Esmond
1051,MooneeValleyC,Essendon
1052,MooneeValleyC,EssendonNorth
1053,MooneeValleyC,EssendonWest
1054,CaseyC,Eumemmerring
1055,ColacOtwayS,Eurack
1056,BallaratC,Eureka
1057,StrathbogieS,Euroa
1058,AlpineS,Eurobin
1059,HepburnS,Evansford
1060,PyreneesS,Evansford
1061,AraratRC,Eversley
1062,PyreneesS,Eversley
1063,WangarattaRC,Everton
1064,WangarattaRC,EvertonUpper
1065,MeltonS,Exford
1066,MeltonS,Eynesbury
1067,WyndhamC,Eynesbury
1068,SouthGippslandS,Fairbank
1069,DarebinC,Fairfield
1070,YarraC,Fairfield
1071,SurfCoastS,Fairhaven
1072,GannawarraS,Fairley
1073,CampaspeS,FairyDell
1074,EastGippslandS,FairyDell
1075,AlpineS,FallsCreek
1076,MountAlexanderS,Faraday
1077,MurrindindiS,Fawcett
1078,HumeC,Fawkner
1079,MorelandC,Fawkner
1080,LoddonS,FentonsCreek
1081,ColacOtwayS,Ferguson
1082,HepburnS,FernHill
1083,MacedonRangesS,FernHill
1084,EastGippslandS,Fernbank
1085,WellingtonS,Fernbank
1086,BawBawS,Ferndale
1087,LoddonS,Fernihurst
1088,YarraRangesS,Fernshaw
1089,KnoxC,FerntreeGully
1090,YarraRangesS,FernyCreek
1091,LoddonS,FieryFlat
1092,MorningtonPeninsulaS,Fingal
1093,SouthGippslandS,FishCreek
1094,SwanHillRC,FishPoint
1095,MooraboolS,Fiskville
1096,YarraC,Fitzroy
1097,MorelandC,FitzroyNorth
1098,YarraC,FitzroyNorth
1099,EastGippslandS,FlaggyCreek
1100,CentralGoldfieldsS,Flagstaff
1101,WellingtonS,FlamingoBeach
1102,MelbourneC,Flemington
1103,MooneeValleyC,Flemington
1104,MorningtonPeninsulaS,Flinders
1105,GreaterBendigoC,FloraHill
1106,MitchellS,Flowerdale
1107,MurrindindiS,Flowerdale
1108,LatrobeC,Flynn
1109,WellingtonS,Flynn
1110,LatrobeC,FlynnsCreek
1111,WellingtonS,FlynnsCreek
1112,MaribyrnongC,Footscray
1113,MaribyrnongC,FootscrayWest
1114,MitchellS,Forbes
1115,WhitehorseC,ForestHill
1116,EastGippslandS,ForgeCreek
1117,ColacOtwayS,Forrest
1118,SouthGippslandS,Foster
1119,SouthGippslandS,FosterNorth
1120,GreaterBendigoC,Fosterville
1121,CaseyC,FountainGate
1122,CorangamiteS,Foxhow
1123,MoyneS,Framlingham
1124,MoyneS,FramlinghamEast
1125,HepburnS,Franklinford
1126,MountAlexanderS,Franklinford
1127,FrankstonC,Frankston
1128,FrankstonC,FrankstonNorth
1129,FrankstonC,FrankstonSouth
1130,AlpineS,Freeburgh
1131,PyreneesS,Frenchmans
1132,SurfCoastS,FreshwaterCreek
1133,MountAlexanderS,Fryerstown
1134,WellingtonS,Fulham
1135,BawBawS,Fumina
1136,BawBawS,FuminaSouth
1137,NorthernGrampiansS,FyansCreek
1138,GreaterGeelongC,Fyansford
1139,MansfieldS,GaffneysCreek
1140,BawBawS,Gainsborough
1141,GannawarraS,Gannawarra
1142,AlpineS,Gapsted
1143,PortPhillipC,GardenCity
1144,GlenEiraC,Gardenvale
1145,CardiniaS,Garfield
1146,CardiniaS,GarfieldNorth
1147,GoldenPlainsS,Garibaldi
1148,CorangamiteS,Garvoc
1149,MoyneS,Garvoc
1150,WodongaRC,GatewayIsland
1151,SouthernGrampiansS,Gatum
1152,MoyneS,Gazette
1153,SouthernGrampiansS,Gazette
1154,GreaterGeelongC,Geelong
1155,GreaterGeelongC,GeelongEast
1156,GreaterGeelongC,GeelongNorth
1157,GreaterGeelongC,GeelongSouth
1158,GreaterGeelongC,GeelongWest
1159,EastGippslandS,Gelantipy
1160,ColacOtwayS,Gellibrand
1161,ColacOtwayS,GellibrandLower
1162,CorangamiteS,GellibrandLower
1163,WellingtonS,Gelliondale
1164,CardiniaS,Gembrook
1165,EastGippslandS,Genoa
1166,BawBawS,GentleAnnie
1167,TowongS,GeorgesCreek
1168,SwanHillRC,Gerahmin
1169,HindmarshS,GerangGerung
1170,ColacOtwayS,Gerangamete
1171,NorthernGrampiansS,Germania
1172,AlpineS,Germantown
1173,MoyneS,Gerrigerrup
1174,SurfCoastS,Gherang
1175,GoldenPlainsS,Gheringhap
1176,MurrindindiS,GhinGhin
1177,WellingtonS,Giffard
1178,WellingtonS,GiffardWest
1179,BulokeS,GilGil
1180,YarraRangesS,Gilderoy
1181,GreaterSheppartonC,Gillieston
1182,WellingtonS,Gillum
1183,EastGippslandS,GipsyPoint
1184,CampaspeS,Girgarre
1185,GreaterSheppartonC,GirgarreEast
1186,MacedonRangesS,Gisborne
1187,MacedonRangesS,GisborneSouth
1188,LoddonS,Gladfield
1189,HumeC,GladstonePark
1190,YarraRangesS,Gladysdale
1191,BassCoastS,GlenAlvie
1192,AlpineS,GlenCreek
1193,WellingtonS,GlenFalloch
1194,BassCoastS,GlenForbes
1195,GlenEiraC,GlenHuntly
1196,BoroondaraC,GlenIris
1197,StonningtonC,GlenIris
1198,BallaratC,GlenPark
1199,MooraboolS,GlenPark
1200,EastGippslandS,GlenValley
1201,MonashC,GlenWaverely
1202,EastGippslandS,GlenWills
1203,ColacOtwayS,Glenaire
1204,EastGippslandS,Glenaladale
1205,LoddonS,Glenalbyn
1206,MitchellS,Glenaroua
1207,PyreneesS,Glenbrae
1208,MurrindindiS,Glenburn
1209,BallaratC,Glendaruel
1210,BallaratC,Glendonnel
1211,BoroondaraC,GlenferrieSouth
1212,CorangamiteS,Glenfyne
1213,BrimbankC,Glengara
1214,LatrobeC,Glengarry
1215,WellingtonS,Glengarry
1216,BawBawS,GlengarryNorth
1217,LatrobeC,GlengarryNorth
1218,LatrobeC,GlengarryWest
1219,CentralGoldfieldsS,Glengower
1220,HepburnS,Glengower
1221,MacedonRangesS,Glenhope
1222,MitchellS,Glenhope
1223,MitchellS,GlenhopeEast
1224,NorthernGrampiansS,Glenisla
1225,SouthernGrampiansS,Glenisla
1226,HindmarshS,Glenlee
1227,PyreneesS,Glenlofty
1228,AraratRC,Glenlogie
1229,PyreneesS,Glenlogie
1230,BulokeS,Glenloth
1231,BulokeS,GlenlothEast
1232,LoddonS,GlenlothEast
1233,MountAlexanderS,Glenluce
1234,HepburnS,Glenlyon
1235,WellingtonS,Glenmaggie
1236,MooraboolS,Glenmore
1237,NorthernGrampiansS,Glenorchy
1238,CorangamiteS,GlenormistonNorth
1239,MoyneS,GlenormistonNorth
1240,CorangamiteS,GlenormistonSouth
1241,PyreneesS,Glenpatrick
1242,BenallaRC,Glenrowan
1243,WangarattaRC,Glenrowan
1244,BenallaRC,GlenrowanWest
1245,MorelandC,Glenroy
1246,AraratRC,Glenthompson
1247,SthnGrampiansS,Glenthompson
1248,WellingtonS,GlomarBeach
1249,SurfCoastS,Gnarwarre
1250,CorangamiteS,Gnotuk
1251,MurrindindiS,Gobur
1252,WellingtonS,GoldenBeach
1253,GreaterBendigoC,GoldenGully
1254,BallaratC,GoldenPoint
1255,CentralGoldfieldsS,GoldenPoint
1256,MountAlexanderS,GoldenPoint
1257,GreaterBendigoC,GoldenSquare
1258,MacedonRangesS,Goldie
1259,CentralGoldfieldsS,Goldsborough
1260,LoddonS,Goldsborough
1261,BallaratC,GongGong
1262,GannawarraS,GonnCrossing
1263,BenallaRC,Goomalibee
1264,EastGippslandS,GoonNure
1265,EastGippslandS,Goongerah
1266,MurrindindiS,Gooram
1267,StrathbogieS,Gooram
1268,IndigoS,Gooramadda
1269,BenallaRC,Goorambat
1270,GreaterBendigoC,Goornong
1271,NorthernGrampiansS,Gooroc
1272,GlenelgS,Gorae
1273,GlenelgS,GoraeWest
1274,MooraboolS,Gordon
1275,WellingtonS,Gormandale
1276,WestWimmeraS,Goroke
1277,SwanHillRC,Goschen
1278,MansfieldS,GoughsBay
1279,StrathbogieS,GoulburnWeir
1280,MorelandC,Gowanbrae
1281,SwanHillRC,Gowanford
1282,GreaterSheppartonC,Gowangardie
1283,LoddonS,GowarEast
1284,NorthernGrampiansS,GowarEast
1285,MountAlexanderS,Gower
1286,GreaterSheppartonC,Grahamvale
1287,SouthernGrampiansS,Grampians
1288,LatrobeC,GrandRidge
1289,WellingtonS,GrandRidge
1290,BulokeS,GraniteFlat
1291,EastGippslandS,GraniteRock
1292,BassCoastS,Grantville
1293,TowongS,Granya
1294,HorshamRC,GrassFlat
1295,WestWimmeraS,GrassFlat
1296,GlenelgS,Grassdale
1297,MoyneS,Grassmere
1298,NorthernGrampiansS,GraysBridge
1299,StrathbogieS,Graytown
1300,NorthernGrampiansS,GreGre
1301,NthnGrampiansS,GreGreNorth
1302,NthnGrampiansS,GreGreSouth
1303,IndigoS,GreatNorthern
1304,AraratRC,GreatWestern
1305,NthnGrampiansS,GreatWestern
1306,GannawarraS,Gredgwin
1307,LoddonS,Gredgwin
1308,MountAlexanderS,GreenGully
1309,HorshamRC,GreenLake
1310,MooraboolS,Greendale
1311,MacedonRangesS,Greenhill
1312,MountAlexanderS,Greenhill
1313,HorshamRC,GreenlandDam
1314,WellingtonS,Greenmount
1315,NthnGrampiansS,GreensCreek
1316,BanyuleC,Greensborough
1317,NillumbikS,Greensborough
1318,HumeC,Greenvale
1319,GlenelgS,Greenwald
1320,GoldenPlainsS,Grenville
1321,MooraboolS,Grenville
1322,WangarattaRC,Greta
1323,WangarattaRC,GretaSouth
1324,BenallaRC,GretaWest
1325,WangarattaRC,GretaWest
1326,ColacOtwayS,GreyRiver
1327,BoroondaraC,Greythorn
1328,SthnGrampiansS,Gringegalgona
1329,SouthernGrampiansS,Gritjurk
1330,GreaterGeelongC,Grovedale
1331,YarraRangesS,Gruyere
1332,HepburnS,Guildford
1333,MountAlexanderS,Guildford
1334,CampaspeS,Gunbower
1335,AlpineS,Gundowring
1336,IndigoS,Gundowring
1337,SouthGippslandS,Gunyah
1338,TowongS,GuysForest
1339,CardiniaS,GuysHill
1340,WestWimmeraS,Gymbowen
1341,GoldenPlainsS,Haddon
1342,MorelandC,Hadfield
1343,CaseyC,Hallam
1344,BawBawS,Hallora
1345,AraratRC,HallsGap
1346,NorthernGrampiansS,HallsGap
1347,BawBawS,Hallston
1348,SouthGippslandS,Hallston
1349,SouthernGrampiansS,Hamilton
1350,GreaterGeelongC,HamlynHeights
1351,BaysideC,Hampton
1352,BaysideC,HamptonEast
1353,CaseyC,HamptonPark
1354,MacedonRangesS,HangingRock
1355,WangarattaRC,Hansonville
1356,GoldenPlainsS,HappyValley
1357,SwanHillRC,HappyValley
1358,MountAlexanderS,Harcourt
1359,GreaterBendigoC,HarcourtNorth
1360,MountAlexanderS,HarcourtNorth
1361,CaseyC,Harkaway
1362,BassCoastS,HarmersHaven
1363,AlpineS,Harrietville
1364,SouthernGrampiansS,Harrow
1365,WestWimmeraS,Harrow
1366,CampaspeS,Harston
1367,GreaterSheppartonC,Harston
1368,BoroondaraC,Hartwell
1369,MorningtonPeninsulaS,Hastings
1370,MilduraRC,Hattah
1371,CentralGoldfieldsS,Havelock
1372,HorshamRC,Haven
1373,AlpineS,Havilah
1374,MoyneS,Hawkesdale
1375,WellingtonS,Hawkhurst
1376,StonningtonC,Hawksburn
1377,BoroondaraC,Hawthorn
1378,BoroondaraC,HawthornEast
1379,EastGippslandS,HaydensBog
1380,SouthGippslandS,HazelPark
1381,MurrindindiS,Hazeldene
1382,LatrobeC,Hazelwood
1383,LatrobeC,HazelwoodNorth
1384,LatrobeC,HazelwoodSouth
1385,YarraRangesS,Healesville
1386,BawBawS,HeathHill
1387,CardiniaS,HeathHill
1388,GreaterBendigoC,Heathcote
1389,MitchellS,HeathcoteJunction
1390,MitchellS,HeathcoteSouth
1391,KingstonC,Heatherton
1392,GlenelgS,Heathmere
1393,MaroondahC,Heathmont
1394,SouthGippslandS,Hedley
1395,WellingtonS,Hedley
1396,BanyuleC,Heidelberg
1397,BanyuleC,HeidelbergHeights
1398,BanyuleC,HeidelbergWest
1399,SthnGrampiansS,HensleyPark
1400,GlenelgS,Henty
1401,HepburnS,Hepburn
1402,HepburnS,HepburnSprings
1403,GreaterGeelongC,HerneHill
1404,BawBawS,HernesOak
1405,LatrobeC,HernesOak
1406,MacedonRangesS,Hesket
1407,GoldenPlainsS,Hesse
1408,MoyneS,Hexham
1409,WellingtonS,Heyfield
1410,CorangamiteS,HeytesburyLower
1411,MoyneS,HeytesburyLower
1412,GlenelgS,Heywood
1413,WellingtonS,Hiamdale
1414,WellingtonS,Hiawatha
1415,MitchellS,HighCamp
1416,BaysideC,Highett
1417,KingstonC,Highett
1418,MitchellS,Highlands
1419,MurrindindiS,Highlands
1420,GreaterGeelongC,Highton
1421,SouthernGrampiansS,Hilgay
1422,BawBawS,HillEnd
1423,PyreneesS,Hillcrest
1424,MitchellS,Hilldene
1425,BrimbankC,Hillside
1426,EastGippslandS,Hillside
1427,MeltonS,Hillside
1428,EastGippslandS,Hinnomunjie
1429,MorningtonPenS,HMASCerberus
1430,SouthGippslandS,Hoddle
1431,YarraRangesS,HoddlesCreek
1432,EastGippslandS,HollandsLanding
1433,WellingtonS,HollandsLanding
1434,StonningtonC,Holmesglen
1435,PyreneesS,Homebush
1436,GlenelgS,Homerton
1437,MurrindindiS,Homewood
1438,YarriambiackS,Hopetoun
1439,GlenEiraC,HopetounGardens
1440,MooraboolS,HopetounPark
1441,YarriambiackS,Hopevale
1442,WyndhamC,HoppersCrossing
1443,ColacOtwayS,HordenVale
1444,GannawarraS,Horfield
1445,LoddonS,Horfield
1446,HorshamRC,Horsham
1447,AlpineS,HothamHeights
1448,MelbourneC,HothamHill
1449,GlenelgS,Hotspur
1450,WhitehorseC,Houston
1451,MansfieldS,HowesCreek
1452,MansfieldS,HowittPlains
1453,WellingtonS,HowittPlains
1454,MansfieldS,Howqua
1455,MansfieldS,HowquaHills
1456,MansfieldS,HowquaInlet
1457,MansfieldS,HowquaPlains
1458,MonashC,Hughesdale
1459,WodongaRC,HumeWeir
1460,WhittleseaC,Humevale
1461,GreaterBendigoC,Hunter
1462,WellingtonS,Hunterston
1463,MonashC,Huntingdale
1464,GreaterBendigoC,Huntly
1465,GreaterBendigoC,HuntlyNorth
1466,IndigoS,Huon
1467,TowongS,Huon
1468,WodongaRC,HuonCreek
1469,NillumbikS,Hurstbridge
1470,BawBawS,IcyCreek
1471,EastGippslandS,IguanaCreek
1472,GoldenPlainsS,Illabarook
1473,NorthernGrampiansS,Illawarra
1474,MoyneS,Illowa
1475,WarrnamboolC,Illowa
1476,GreaterGeelongC,IndentedHead
1477,IndigoS,Indigo
1478,IndigoS,IndigoValley
1479,LoddonS,Inglewood
1480,MooraboolS,Ingliston
1481,CentralGoldfieldsS,Inkerman
1482,LoddonS,Inkerman
1483,MoiraS,Invergordon
1484,GreaterSheppartonC,InvergordonSouth
1485,GoldenPlainsS,Inverleigh
1486,SurfCoastS,Inverleigh
1487,BassCoastS,Inverloch
1488,SouthGippslandS,Inverloch
1489,BallaratC,Invermay
1490,HepburnS,Invermay
1491,BallaratC,InvermayPark
1492,CardiniaS,Iona
1493,MilduraRC,Iraak
1494,MountAlexanderS,Irishtown
1495,GreaterBendigoC,Ironbark
1496,ColacOtwayS,Irrewarra
1497,ColacOtwayS,Irrewillipe
1498,ColacOtwayS,IrrewillipeWest
1499,MilduraRC,Irymple
1500,BanyuleC,Ivanhoe
1501,BanyuleC,IvanhoeEast
1503,HumeC,Jacana
1504,WellingtonS,JackRiver
1505,GreaterBendigoC,JackassFlat
1506,BawBawS,JacobCreek
1507,BassCoastS,JamJerrup
1508,MansfieldS,Jamieson
1509,SurfCoastS,JanJuc
1510,CorangamiteS,Jancourt
1511,ColacOtwayS,JancourtEast
1512,CorangamiteS,JancourtEast
1513,LoddonS,Jarklin
1514,EastGippslandS,Jarrahmond
1515,TowongS,JarvisCreek
1516,LatrobeC,Jeeralang
1517,LatrobeC,JeeralangJunction
1518,SouthGippslandS,Jeetho
1519,BulokeS,Jeffcott
1520,BulokeS,JeffcottNorth
1521,HindmarshS,Jeparit
1522,BawBawS,Jericho
1523,BulokeS,Jeruk
1524,BulokeS,JilJil
1525,HorshamRC,Jilpanger
1526,BawBawS,Jindivick
1527,NorthernGrampiansS,JoelJoel
1528,NorthernGrampiansS,JoelSouth
1529,ColacOtwayS,Johanna
1530,EastGippslandS,Johnsonville
1531,WellingtonS,JohnstonesHill
1532,CentralGoldfieldsS,JoycesCreek
1533,MountAlexanderS,JoycesCreek
1534,LatrobeC,Jumbuk
1535,SouthGippslandS,Jumbunna
1536,CaseyC,JunctionVillage
1537,HorshamRC,Jung
1538,YarriambiackS,Jung
1539,LoddonS,Jungaburra
1540,GreaterBendigoC,Junortoun
1541,MoiraS,Kaarimba
1542,WestWimmeraS,Kadnook
1543,EastGippslandS,Kalimna
1544,EastGippslandS,KalimnaWest
1545,HumeC,Kalkallo
1546,HorshamRC,Kalkee
1547,YarraRangesS,Kallista
1548,YarraRangesS,Kalorama
1549,BulokeS,Kalpienung
1550,GreaterBendigoC,Kamarooka
1551,LoddonS,Kamarooka
1552,LoddonS,KamarookaNorth
1553,HorshamRC,Kanagulk
1554,AlpineS,Kancoona
1555,GreaterBendigoC,KangarooFlat
1556,NillumbikS,KangarooGround
1557,GannawarraS,KangarooLake
1558,HindmarshS,Kaniva
1559,WestWimmeraS,Kaniva
1560,MansfieldS,Kanumbra
1561,MurrindindiS,Kanumbra
1562,NorthernGrampiansS,Kanya
1563,CampaspeS,Kanyapella
1564,SouthernGrampiansS,Karabeal
1565,SouthGippslandS,Kardella
1566,SouthGippslandS,KardellaSouth
1567,CorangamiteS,Kariah
1568,FrankstonC,Karingal
1569,WestWimmeraS,Karnak
1570,GreaterSheppartonC,Karramomus
1571,BulokeS,Karyrie
1572,MoiraS,Katamatite
1573,MoiraS,KatamatiteEast
1574,GreaterSheppartonC,Katandra
1575,GreaterSheppartonC,KatandraWest
1576,MoiraS,Katunga
1577,ColacOtwayS,Kawarren
1578,BrimbankC,Kealba
1579,GannawarraS,Keely
1580,BrimbankC,Keilor
1581,HumeC,Keilor
1582,BrimbankC,KeilorDowns
1583,BrimbankC,KeilorEast
1584,MooneeValleyC,KeilorEast
1585,BrimbankC,KeilorLodge
1586,BrimbankC,KeilorNorth
1587,BrimbankC,KeilorPark
1588,YarriambiackS,Kellalac
1589,StrathbogieS,KelvinView
1590,SwanHillRC,Kenley
1591,HindmarshS,Kenmare
1592,ColacOtwayS,KennedysCreek
1593,CorangamiteS,KennedysCreek
1594,ColacOtwayS,KennettRiver
1595,GreaterBendigoC,Kennington
1596,MelbourneC,Kensington
1597,MooneeValleyC,Kensington
1598,DarebinC,KeonPark
1599,GannawarraS,Kerang
1600,GannawarraS,KerangEast
1601,IndigoS,Kergunyah
1602,AlpineS,KergunyahSouth
1603,BassCoastS,Kernot
1604,MacedonRangesS,Kerrie
1605,WhitehorseC,Kerrimuir
1606,MurrindindiS,Kerrisdale
1607,MansfieldS,Kevington
1608,BoroondaraC,Kew
1609,BoroondaraC,KewEast
1610,HorshamRC,Kewell
1611,YarriambiackS,Kewell
1612,GreaterDandenongC,Keysborough
1613,GreaterSheppartonC,Kialla
1614,GreaterSheppartonC,KiallaEast
1615,GreaterSheppartonC,KiallaWest
1616,HindmarshS,Kiata
1617,IndigoS,Kiewa
1618,BassCoastS,Kilcunda
1619,GlenelgS,Killara
1620,WodongaRC,Killara
1621,MoyneS,Killarney
1622,WangarattaRC,Killawarra
1623,MurrindindiS,Killingworth
1624,WellingtonS,Kilmany
1625,MitchellS,Kilmore
1626,MitchellS,KilmoreEast
1627,MaroondahC,Kilsyth
1628,YarraRangesS,Kilsyth
1629,MaroondahC,KilsythSouth
1630,GreaterBendigoC,Kimbolton
1631,WangarattaRC,KingValley
1632,MurrindindiS,Kinglake
1633,NillumbikS,Kinglake
1634,MurrindindiS,KinglakeCentral
1635,NillumbikS,KinglakeCentral
1636,MurrindindiS,KinglakeWest
1637,NillumbikS,KinglakeWest
1638,WhittleseaC,KinglakeWest
1639,LoddonS,Kingower
1640,BrimbankC,KingsPark
1641,DarebinC,Kingsbury
1642,HepburnS,Kingston
1643,MaribyrnongC,Kingsville
1644,HobsonsBayC,KingsvilleSouth
1645,BulokeS,Kinnabulla
1646,LoddonS,Kinypanial
1647,MoyneS,Kirkstall
1648,StrathbogieS,KirwinsBridge
1649,StrathbogieS,Kithbrook
1650,MoyneS,Knebsworth
1651,GreaterBendigoC,Knowsley
1652,KnoxC,Knoxfield
1653,CorangamiteS,Koallah
1654,MitchellS,Kobyboyn
1655,TowongS,Koetong
1656,CorangamiteS,Kolora
1657,MoyneS,Kolora
1658,BassCoastS,Kongwak
1659,SouthGippslandS,Kongwak
1660,SthnGrampiansS,Konongwootong
1661,CardiniaS,KooWeeRup
1662,CardiniaS,KooWeeRupNorth
1663,SwanHillRC,Kooloonong
1664,StrathbogieS,Koonda
1665,GannawarraS,Koondrook
1666,MoiraS,Koonoomoo
1667,SouthGippslandS,Koonwarra
1668,NorthernGrampiansS,Kooreh
1669,MilduraRC,Koorlong
1670,LatrobeC,Koornalla
1671,HepburnS,Kooroocheang
1672,WellingtonS,Koorool
1673,SouthGippslandS,Koorooman
1674,StonningtonC,Kooyong
1675,MurrindindiS,Koriella
1676,MooraboolS,Korobeit
1677,MoyneS,Koroit
1678,LoddonS,KorongVale
1679,GannawarraS,Koroop
1680,SouthGippslandS,Korumburra
1681,SthGippslandS,KorumburraSouth
1682,HepburnS,Korweinguboora
1683,MooraboolS,Korweinguboora
1684,CampaspeS,Kotta
1685,MoiraS,Kotupna
1686,CampaspeS,KowSwamp
1687,CampaspeS,Koyuga
1688,BassCoastS,Krowera
1689,SouthGippslandS,Krowera
1690,MilduraRC,Kulwin
1691,SwanHillRC,Kunat
1692,MorningtonPeninsulaS,Kunyung
1693,LoddonS,Kurraca
1694,LoddonS,KurracaWest
1695,LoddonS,Kurting
1696,MeltonS,Kurunjang
1697,CampaspeS,KyValley
1698,CampaspeS,KyWest
1699,CampaspeS,Kyabram
1700,GreaterSheppartonC,Kyabram
1701,GreaterSheppartonC,KyabramSouth
1702,MacedonRangesS,Kyneton
1703,MacedonRangesS,KynetonSouth
1704,LoddonS,Laanecoorie
1705,MoyneS,Laang
1706,BawBawS,Labertouche
1707,WhitehorseC,Laburnum
1708,WangarattaRC,Laceby
1709,GreaterBendigoC,LadysPass
1710,BulokeS,Laen
1711,NorthernGrampiansS,Laen
1712,YarriambiackS,Laen
1713,BulokeS,LaenEast
1714,BulokeS,LaenNorth
1715,YarriambiackS,Lah
1716,HorshamRC,Laharum
1717,NorthernGrampiansS,Laharum
1718,SwanHillRC,LakeBoga
1719,AraratRC,LakeBolac
1720,BulokeS,LakeBuloke
1721,EastGippslandS,LakeBunga
1722,GannawarraS,LakeCharm
1723,GlenelgS,LakeCondah
1724,MoyneS,LakeCondah
1725,CampaspeS,LakeCooper
1726,MansfieldS,LakeEildon
1727,NorthernGrampiansS,LakeFyans
1728,BallaratC,LakeGardens
1729,PyreneesS,LakeGoldsmith
1730,HindmarshS,LakeHindmarsh
1731,NthnGrampiansS,LakeLonsdale
1732,LoddonS,LakeMarmal
1733,BulokeS,LakeMarmel
1734,GannawarraS,LakeMeran
1735,LoddonS,LakeMeran
1736,BenallaRC,LakeMokoan
1737,GlenelgS,LakeMundi
1738,SwanHillRC,LakePowell
1739,MoiraS,LakeRowan
1740,EastGippslandS,LakeTyers
1741,EastGippslandS,LakeTyersBeach
1742,BulokeS,LakeTyrrell
1743,WellingtonS,LakeWellington
1744,BallaratC,LakeWendouree
1745,PyreneesS,LakeWongan
1746,EastGippslandS,LakesEntrance
1747,MooraboolS,LalLal
1748,GannawarraS,Lalbert
1749,WhittleseaC,Lalor
1750,PyreneesS,Lamplough
1751,CampaspeS,Lancaster
1752,GreaterSheppartonC,Lancaster
1753,BassCoastS,LanceCreek
1754,MacedonRangesS,Lancefield
1755,PyreneesS,Landsborough
1756,WellingtonS,Landsborough
1757,NorthernGrampiansS,LandsboroughWest
1759,PyreneesS,LandsboroughWest
1760,BassCoastS,LangLang
1761,CardiniaS,LangLang
1762,SouthGippslandS,LangLang
1763,CardiniaS,LangLangEast
1764,HepburnS,LangdonsHill
1765,PyreneesS,LangiKalKal
1766,AraratRC,LangiLogan
1767,WestWimmeraS,Langkoop
1768,MountAlexanderS,Langley
1769,FrankstonC,Langwarrin
1770,FrankstonC,LangwarrinSouth
1771,GreaterGeelongC,Lara
1772,BawBawS,Lardner
1773,ColacOtwayS,Larpent
1774,CorangamiteS,Larralea
1775,YarriambiackS,Lascelles
1776,YarraRangesS,LaunchingPlace
1777,MacedonRangesS,Lauriston
1778,ColacOtwayS,LaversHill
1779,HobsonsBayC,Laverton
1780,WyndhamC,Laverton
1781,WyndhamC,LavertonNorth
1782,WyndhamC,LavertonRAAF
1783,BulokeS,Lawler
1784,YarriambiackS,Lawler
1785,WestWimmeraS,Lawloit
1786,HepburnS,Lawrence
1787,LoddonS,Leaghur
1788,BallaratC,Learmonth
1789,NorthernGrampiansS,Ledcourt
1790,GreaterBendigoC,Leichardt
1791,LoddonS,Leichardt
1792,MooraboolS,LeighCreek
1793,GannawarraS,Leitchville
1794,LoddonS,Leitchville
1795,GreaterSheppartonC,Lemnos
1796,WodongaRC,Leneva
1797,HepburnS,LeonardsHill
1798,SouthGippslandS,Leongatha
1799,SouthGippslandS,LeongathaNorth
1800,SouthGippslandS,LeongathaSouth
1801,GreaterGeelongC,Leopold
1802,MooraboolS,Lerderderg
1803,CorangamiteS,LeslieManor
1804,GoldenPlainsS,Lethbridge
1805,PyreneesS,Lexton
1806,WellingtonS,Licola
1807,MansfieldS,LicolaNorth
1808,WellingtonS,LicolaNorth
1809,BawBawS,Lillico
1810,CentralGoldfieldsS,Lillicur
1811,PyreneesS,Lillicur
1812,WestWimmeraS,Lillimur
1813,IndigoS,Lilliput
1814,YarraRangesS,Lilydale
1815,BenallaRC,Lima
1816,BenallaRC,LimaEast
1817,BenallaRC,LimaSouth
1818,MansfieldS,LimaSouth
1819,MurrindindiS,Limestone
1820,SouthGippslandS,Limonite
1821,EastGippslandS,Lindenow
1822,EastGippslandS,LindenowSouth
1823,GlenelgS,Lindsay
1824,MilduraRC,LindsayPoint
1825,MilduraRC,Linga
1826,GoldenPlainsS,Linton
1827,SwanHillRC,Liparoo
1828,CorangamiteS,Lismore
1829,BulokeS,Litchfield
1830,HindmarshS,LittleDesert
1831,HepburnS,LittleHampton
1832,GreaterGeelongC,LittleRiver
1833,WyndhamC,LittleRiver
1834,LoddonS,Llanelly
1835,WellingtonS,Llowalong
1836,BassCoastS,Loch
1837,SouthGippslandS,Loch
1838,WellingtonS,LochSport
1839,BawBawS,LochValley
1840,EastGippslandS,Lochend
1841,CampaspeS,Lockington
1842,StrathbogieS,Locksley
1843,GreaterBendigoC,Lockwood
1844,GreaterBendigoC,LockwoodSouth
1845,MountAlexanderS,LockwoodSouth
1846,LoddonS,LoddonVale
1847,LoddonS,Logan
1848,NorthernGrampiansS,Logan
1849,WangarattaRC,Londrigan
1850,MooraboolS,LongForest
1851,GreaterBendigoC,LongGully
1852,HorshamRC,Longerenong
1853,YarriambiackS,Longerenong
1854,WellingtonS,Longford
1855,GreaterBendigoC,Longlea
1856,BawBawS,Longwarry
1857,CardiniaS,Longwarry
1858,BawBawS,LongwarryNorth
1859,StrathbogieS,Longwood
1860,StrathbogieS,LongwoodEast
1861,SurfCoastS,Lorne
1862,HindmarshS,Lorquon
1863,GreaterGeelongC,LovelyBanks
1864,MoiraS,LowerMoira
1865,HorshamRC,LowerNorton
1866,BanyuleC,LowerPlenty
1867,LatrobeC,LoyYang
1868,NorthernGrampiansS,Lubeck
1869,YarriambiackS,Lubeck
1870,EastGippslandS,Lucknow
1871,TowongS,Lucyvale
1872,BenallaRC,Lurg
1873,BenallaRC,LurgUpper
1874,WangarattaRC,LurgUpper
1875,GreaterBendigoC,Lyal
1876,CaseyC,Lynbrook
1877,CaseyC,Lyndhurst
1878,GreaterDandenongC,Lyndhurst
1879,GlenelgS,Lyons
1880,HepburnS,Lyonville
1881,KnoxC,Lysterfield
1882,YarraRangesS,Lysterfield
1883,CaseyC,LysterfieldSouth
1887,MoyneS,Macarthur
1888,YarraRangesS,Macclesfield
1889,MacedonRangesS,Macedon
1890,WellingtonS,MacksCreek
1891,BanyuleC,Macleod
1892,DarebinC,Macleod
1893,GannawarraS,Macorna
1894,LoddonS,Macorna
1895,GannawarraS,MacornaNorth
1896,MansfieldS,MacsCove
1897,WellingtonS,Madalya
1898,MooraboolS,Maddingley
1899,AraratRC,Mafeking
1900,WellingtonS,Maffra
1901,WellingtonS,MaffraWestUpper
1902,BallaratC,Magpie
1903,GreaterBendigoC,MaidenGully
1904,MaribyrnongC,Maidstone
1905,MoyneS,MailorFlat
1906,PyreneesS,MainLead
1907,MorningtonPeninsulaS,MainRidge
1908,MansfieldS,Maindample
1909,MurrindindiS,Maintongoon
1910,BenallaRC,MajorPlains
1911,GreaterSheppartonC,MajorPlains
1912,CentralGoldfieldsS,Majorca
1913,MountAlexanderS,Maldon
1914,EastGippslandS,Mallacoota
1915,HepburnS,Malmsbury
1916,MacedonRangesS,Malmsbury
1917,MountAlexanderS,Malmsbury
1918,StonningtonC,Malvern
1919,StonningtonC,MalvernEast
1920,WyndhamC,Mambourin
1921,SwanHillRC,Manangatang
1922,GreaterBendigoC,Mandurang
1923,GreaterBendigoC,MandurangSouth
1924,MitchellS,Mangalore
1925,StrathbogieS,Mangalore
1926,GreaterGeelongC,ManifoldHeights
1927,GreaterGeelongC,Mannerim
1928,GoldenPlainsS,Mannibadar
1929,WellingtonS,MannsBeach
1930,EastGippslandS,Manorina
1931,MansfieldS,Mansfield
1932,EastGippslandS,MaramingoCreek
1933,GreaterGeelongC,MarcusHill
1934,SouthGippslandS,Mardan
1935,ColacOtwayS,Marengo
1936,MaribyrnongC,Maribyrnong
1937,GreaterSheppartonC,Marionvale
1938,WangarattaRC,Markwood
1939,BulokeS,Marlbed
1940,EastGippslandS,Marlo
1941,NorthernGrampiansS,Marnoo
1942,NorthernGrampiansS,MarnooEast
1943,NorthernGrampiansS,MarnooWest
1944,GreaterBendigoC,Marong
1945,LoddonS,Marong
1946,AraratRC,Maroona
1947,StrathbogieS,Marraweeny
1948,GreaterGeelongC,Marshall
1949,EastGippslandS,Marthavale
1950,GreaterSheppartonC,Marungi
1951,MoiraS,Marungi
1952,CentralGoldfieldsS,Maryborough
1953,CardiniaS,Maryknoll
1954,MurrindindiS,Marysville
1955,LatrobeC,Maryvale
1956,BulokeS,Massey
1957,MansfieldS,Matlock
1958,YarraRangesS,Matlock
1959,GoldenPlainsS,Maude
1960,MorningtonPeninsulaS,McCrae
1961,CampaspeS,McEvoys
1962,LoddonS,McIntyre
1963,HorshamRC,McKenzieCreek
1964,MountAlexanderS,McKenziesHill
1965,GlenEiraC,McKinnon
1966,WellingtonS,McLoughlinsBeach
1967,YarraRangesS,McMahonsCreek
1968,GannawarraS,McMillans
1969,GannawarraS,Mead
1970,WangarattaRC,MeadowCreek
1971,HumeC,MeadowHeights
1972,GannawarraS,Meatian
1973,SwanHillRC,Meatian
1974,SouthGippslandS,Meeniyan
1975,GannawarraS,MeeringWest
1976,LoddonS,MeeringWest
1977,WellingtonS,Meerlieu
1978,MelbourneC,Melbourne
1979,MelbourneC,Melbourne
1980,PortPhillipC,Melbourne
1981,HumeC,MelbourneAirport
1982,MelbourneC,MelbourneWest
1983,MeltonS,Melton
1984,MeltonS,MeltonSouth
1985,MeltonS,MeltonWest
1986,SthnGrampiansS,MelvilleForest
1987,EastGippslandS,Melwood
1988,PyreneesS,MenaPark
1989,KingstonC,Mentone
1990,CardiniaS,MenziesCreek
1991,YarraRangesS,MenziesCreek
1992,MoyneS,Mepunga
1993,MoyneS,MepungaEast
1994,MoyneS,MepungaWest
1995,MilduraRC,Merbein
1996,MilduraRC,MerbeinSouth
1997,MilduraRC,MerbeinWest
1998,GoldenPlainsS,Meredith
1999,MooraboolS,Meredith
2000,MilduraRC,Meringur
2001,GlenelgS,Merino
2002,MorelandC,Merlynston
2003,WhittleseaC,Mernda
2004,AlpineS,Merriang
2005,MorningtonPeninsulaS,Merricks
2006,MorningtonPenS,MerricksBeach
2007,MorningtonPenS,MerricksNorth
2008,GreaterSheppartonC,Merrigum
2009,EastGippslandS,Merrijig
2010,MansfieldS,Merrijig
2011,MooraboolS,Merrimu
2012,MilduraRC,Merrinee
2013,MansfieldS,Merton
2014,MurrindindiS,Merton
2015,MountAlexanderS,Metcalfe
2016,MountAlexanderS,MetcalfeEast
2017,EastGippslandS,Metung
2018,WellingtonS,MewburnPark
2019,GreaterBendigoC,MiaMia
2020,MitchellS,MiaMia
2021,HumeC,Mickleham
2022,LatrobeC,MidValley
2023,AraratRC,MiddleCreek
2024,PyreneesS,MiddleCreek
2025,PortPhillipC,MiddlePark
2026,SouthGippslandS,MiddleTarwin
2027,StrathbogieS,Miepoll
2028,WestWimmeraS,MigaLake
2029,WangarattaRC,Milawa
2030,MilduraRC,Mildura
2031,WhittleseaC,MillPark
2032,MooraboolS,Millbrook
2033,YarraRangesS,Millgrove
2034,CampaspeS,Milloo
2035,LoddonS,Milloo
2036,GlenelgS,Milltown
2037,GannawarraS,MilnesBridge
2038,LoddonS,Mincha
2039,GannawarraS,MinchaWest
2040,BallaratC,MinersRest
2041,CorangamiteS,Mingay
2042,MoyneS,Minhamite
2043,WestWimmeraS,Minimay
2044,AraratRC,Mininera
2045,MoyneS,Minjah
2046,LoddonS,Minmindie
2047,GreaterBendigoC,Minto
2048,YarriambiackS,Minyip
2049,WellingtonS,Miowera
2050,SwanHillRC,Miralie
2051,WestWimmeraS,Miram
2052,LatrobeC,Mirboo
2053,SouthGippslandS,Mirboo
2054,SouthGippslandS,MirbooEast
2055,SouthGippslandS,MirbooNorth
2056,BawBawS,MirbooSouth
2057,MansfieldS,Mirimbah
2058,SouthernGrampiansS,Mirranatwa
2059,WhitehorseC,Mitcham
2060,BallaratC,MitchellPark
2061,NorthernGrampiansS,MitchellsHill
2062,StrathbogieS,Mitchellstown
2063,CampaspeS,Mitiamo
2064,LoddonS,Mitiamo
2065,HorshamRC,Mitre
2066,WestWimmeraS,Mitre
2067,EastGippslandS,MittaMitta
2068,TowongS,MittaMitta
2069,MilduraRC,Mittyack
2070,HorshamRC,Mockinya
2071,BawBawS,Modella
2072,CardiniaS,Modella
2073,SurfCoastS,Modewarre
2074,BawBawS,Moe
2075,LatrobeC,Moe
2076,BawBawS,MoeSouth
2077,LatrobeC,MoeSouth
2078,SurfCoastS,MoggsCreek
2079,StrathbogieS,Moglonemby
2080,NorthernGrampiansS,Mokepilly
2081,MurrindindiS,Molesworth
2082,CentralGoldfieldsS,Moliagul
2083,LoddonS,Moliagul
2084,StrathbogieS,Molka
2085,HepburnS,Mollongghip
2086,MooraboolS,Mollongghip
2087,LoddonS,Mologa
2088,BenallaRC,Molyullah
2089,YarraRangesS,Monbulk
2090,MacedonRangesS,Monegeetta
2091,AlpineS,MongansBridge
2092,WellingtonS,Monomak
2093,CardiniaS,Monomeith
2094,BoroondaraC,MontAlbert
2095,WhitehorseC,MontAlbert
2096,WhitehorseC,MontAlbertNorth
2097,WellingtonS,Montgomery
2098,BanyuleC,Montmorency
2099,YarraRangesS,Montrose
2100,GreaterGeelongC,Moolap
2101,NorthernGrampiansS,Moolerr
2102,CentralGoldfieldsS,Moolort
2103,MountAlexanderS,Moolort
2104,PyreneesS,Moonambel
2105,BawBawS,Moondarra
2106,LatrobeC,Moondarra
2107,MooneeValleyC,MooneePonds
2108,CentralGoldfieldsS,MoonlightFlat
2109,MountAlexanderS,MoonlightFlat
2110,CampaspeS,Moora
2111,BaysideC,Moorabbin
2112,KingstonC,Moorabbin
2113,KingstonC,MoorabbinAirport
2114,GreaterGeelongC,Moorabool
2115,SouthernGrampiansS,Mooralla
2116,GreaterSheppartonC,Moorilim
2117,StrathbogieS,Moorilim
2118,StrathbogieS,MoormboolWest
2119,WellingtonS,Moornapa
2120,BenallaRC,Moorngag
2121,MorningtonPeninsulaS,Moorooduc
2122,YarraRangesS,Mooroolbark
2123,GreaterSheppartonC,Mooroopna
2124,GreaterSheppartonC,MooroopnaNorth
2127,MitchellS,Moranding
2128,WhittleseaC,MorangSouth
2129,KingstonC,Mordialloc
2130,MorelandC,Moreland
2131,SouthernGrampiansS,Morgiana
2132,SurfCoastS,Moriac
2133,MorningtonPeninsulaS,Mornington
2134,WellingtonS,Moroka
2135,GoldenPlainsS,Morrisons
2136,MooraboolS,Morrisons
2137,NorthernGrampiansS,MorrlMorrl
2138,MoyneS,Mortlake
2139,BulokeS,MortonPlains
2140,LatrobeC,Morwell
2141,GreaterBendigoC,MosquitoCreek
2142,EastGippslandS,Mossiface
2143,TowongS,MountAlfred
2144,AlpineS,MountBeauty
2145,HepburnS,MountBeckworth
2146,SouthGippslandS,MountBest
2147,BallaratC,MountBolton
2148,BenallaRC,MountBruno
2149,AlpineS,MountBuffalo
2150,MansfieldS,MountBuller
2151,WellingtonS,MountBuller
2152,CardiniaS,MountBurnett
2153,CorangamiteS,MountBute
2154,GoldenPlainsS,MountBute
2155,GreaterBendigoC,MountCamel
2156,CentralGoldfieldsS,MountCameron
2157,HepburnS,MountCameron
2158,BallaratC,MountClear
2159,AraratRC,MountCole
2160,AraratRC,MountColeCreek
2161,MeltonS,MountCottrell
2162,WyndhamC,MountCottrell
2163,YarraRangesS,MountDandenong
2164,MooraboolS,MountDoran
2165,NorthernGrampiansS,MountDryden
2166,GreaterGeelongC,MountDuneed
2167,SurfCoastS,MountDuneed
2168,SouthGippslandS,MountEccles
2169,SthGippslandS,MountEcclesSouth
2170,GlenelgS,MountEckersley
2171,MooraboolS,MountEgerton
2172,MorningtonPeninsulaS,MountEliza
2173,PyreneesS,MountEmu
2174,YarraRangesS,MountEvelyn
2175,HepburnS,MountFranklin
2176,CentralGoldfieldsS,MountGlasgow
2177,BallaratC,MountHelen
2178,CentralGoldfieldsS,MountHooghly
2179,AlpineS,MountHotham
2180,PyreneesS,MountLonarch
2181,MacedonRangesS,MountMacedon
2182,GreaterSheppartonC,MountMajor
2183,MorningtonPenS,MountMartha
2184,GoldenPlainsS,MountMercer
2185,SurfCoastS,MountMoriac
2186,SthnGrampiansS,MountNapier
2187,BallaratC,MountPleasant
2188,HepburnS,MountProspect
2189,GlenelgS,MountRichmond
2190,BallaratC,MountRowan
2191,ColacOtwayS,MountSabine
2192,CampaspeS,MountScobie
2193,HorshamRC,MountTalbot
2194,LatrobeC,MountTassie
2195,EastGippslandS,MountTaylor
2196,YarraRangesS,MountToolebewong
2197,MooraboolS,MountWallace
2198,MonashC,MountWaverley
2199,MansfieldS,MountainBay
2200,BawBawS,MountainView
2201,SouthGippslandS,MountainView
2202,SouthernGrampiansS,Moutajup
2203,SouthGippslandS,Moyarra
2204,WangarattaRC,Moyhu
2205,NorthernGrampiansS,Moyreisk
2206,AraratRC,Moyston
2207,MoiraS,Muckatah
2208,MountAlexanderS,Muckleford
2209,MtAlexanderS,MucklefordSouth
2210,AlpineS,Mudgeegonga
2211,IndigoS,Mudgegonga
2212,MonashC,Mulgrave
2213,GlenelgS,Mumbannar
2214,MoiraS,Mundoona
2215,WellingtonS,Munro
2216,GlenelgS,Muntham
2217,SouthernGrampiansS,Muntham
2218,CampaspeS,Murchison
2219,GreaterSheppartonC,Murchison
2220,GreaterSheppartonC,MurchisonEast
2221,GreaterSheppartonC,MurchisonNorth
2222,GoldenPlainsS,Murgheboluc
2223,WangarattaRC,Murmungee
2224,SwanHillRC,Murnungin
2225,LoddonS,MurphysCreek
2226,HorshamRC,MurraWarra
2227,YarriambiackS,MurraWarra
2228,GannawarraS,Murrabit
2229,GannawarraS,MurrabitWest
2230,SwanHillRC,Murrawee
2231,SwanHillRC,Murraydale
2232,MilduraRC,Murray-Sunset
2233,MilduraRC,Murrayville
2234,EastGippslandS,Murrindal
2235,MurrindindiS,Murrindindi
2236,ColacOtwayS,Murroon
2237,GlenEiraC,Murrumbeena
2238,YarriambiackS,Murtoa
2239,HepburnS,Musk
2240,HepburnS,MuskVale
2241,CampaspeS,Muskerry
2242,BulokeS,Myall
2243,GannawarraS,Myall
2244,GlenelgS,Myamyn
2245,GreaterBendigoC,MyersFlat
2246,CampaspeS,Myola
2247,MooraboolS,Myrniong
2248,BenallaRC,Myrrhee
2249,WangarattaRC,Myrrhee
2250,GreaterBendigoC,MyrtleCreek
2251,MountAlexanderS,MyrtleCreek
2252,WellingtonS,Myrtlebank
2253,AlpineS,Myrtleford
2254,LoddonS,Mysia
2255,GannawarraS,MysticPark
2256,MoiraS,Mywee
2260,StrathbogieS,Nagambie
2261,ColacOtwayS,Nalangil
2262,GreaterSheppartonC,Nalinga
2263,StrathbogieS,Nalinga
2264,WellingtonS,Nambrok
2265,BulokeS,Nandaly
2266,CardiniaS,Nangana
2267,GlenelgS,Nangeela
2268,MilduraRC,Nangiloc
2269,CampaspeS,Nanneella
2270,WellingtonS,NapNapMarra
2271,GoldenPlainsS,Napoleons
2272,CardiniaS,NarNarGoon
2273,CardiniaS,NarNarGoonNorth
2274,MurrindindiS,Narbethong
2275,MoyneS,Nareeb
2276,SouthernGrampiansS,Nareeb
2277,GlenelgS,Nareen
2278,SouthernGrampiansS,Nareen
2279,BulokeS,Nareewillock
2280,EastGippslandS,NarielValley
2281,TowongS,NarielValley
2282,MoiraS,Naring
2283,MoyneS,Naringal
2284,MoyneS,NaringalEast
2285,CorangamiteS,Naroghid
2286,BawBawS,Narracan
2287,LatrobeC,Narracan
2288,BulokeS,Narraport
2289,AraratRC,NarrapumelapSouth
2290,GlenelgS,Narrawong
2291,CaseyC,NarreWarren
2292,YarraRangesS,NarreWarrenEast
2293,CaseyC,NarreWarrenNorth
2294,CaseyC,NarreWarrenSouth
2295,SwanHillRC,Narrung
2296,MoiraS,Nathalia
2297,HorshamRC,Natimuk
2298,CentralGoldfieldsS,NatteYallock
2299,NorthernGrampiansS,NatteYallock
2300,PyreneesS,NatteYallock
2301,SwanHillRC,Natya
2302,NorthernGrampiansS,Navarre
2303,PyreneesS,Navarre
2304,MooraboolS,Navigators
2305,BawBawS,Nayook
2306,MilduraRC,NedsCorner
2307,MountAlexanderS,Neereman
2308,BawBawS,Neerim
2309,BawBawS,NeerimEast
2310,BawBawS,NeerimJunction
2311,BawBawS,NeerimNorth
2312,BawBawS,NeerimSouth
2313,GreaterBendigoC,Neilborough
2314,GlenelgS,Nelson
2315,SouthGippslandS,Nerrena
2316,AraratRC,NerrinNerrin
2317,MoyneS,NerrinNerrin
2318,BallaratC,Nerrina
2319,PyreneesS,Nerring
2320,HindmarshS,Netherby
2321,WestWimmeraS,Neuarpurr
2322,MacedonRangesS,NewGisborne
2323,LatrobeC,Newborough
2324,LoddonS,Newbridge
2325,HepburnS,Newbury
2326,GreaterGeelongC,Newcomb
2327,CorangamiteS,Newfield
2328,MacedonRangesS,Newham
2329,BassCoastS,Newhaven
2330,BallaratC,Newington
2331,EastGippslandS,NewlandsArm
2332,HepburnS,Newlyn
2333,HepburnS,NewlynNorth
2334,EastGippslandS,Newmerella
2335,HobsonsBayC,Newport
2336,WellingtonS,Newry
2337,MountAlexanderS,Newstead
2338,GoldenPlainsS,Newtown
2339,GreaterGeelongC,Newtown
2340,HindmarshS,Nhill
2341,MilduraRC,NicholsPoint
2342,EastGippslandS,Nicholson
2343,MooneeValleyC,Niddrie
2344,MansfieldS,Nillahcootie
2345,BawBawS,Nilma
2346,BulokeS,Ninda
2347,BulokeS,NineMile
2348,LoddonS,NineMile
2349,GoldenPlainsS,Nintingbool
2350,GannawarraS,Ninyeunook
2351,MoyneS,Nirranda
2352,CorangamiteS,NirrandaEast
2353,MoyneS,NirrandaEast
2354,MoyneS,NirrandaSouth
2355,GreaterDandenongC,NoblePark
2356,GrDandenongC,NobleParkNorth
2357,BawBawS,Noojee
2358,CorangamiteS,Noorat
2359,MoyneS,Noorat
2360,CorangamiteS,NooratEast
2361,EastGippslandS,Noorinbee
2362,EastGippslandS,NoorinbeeNorth
2363,HorshamRC,Noradjuha
2364,GreaterGeelongC,Norlane
2365,GannawarraS,Normanville
2366,IndigoS,Norong
2367,IndigoS,NorongCentral
2368,MelbourneC,NorthMelbourne
2369,MooneeValleyC,NorthMelbourne
2370,GreaterGeelongC,NorthShore
2371,DarebinC,Northcote
2372,MitchellS,Northwood
2373,AraratRC,Norval
2374,MonashC,NottingHill
2375,EastGippslandS,NowaNowa
2376,PyreneesS,NowhereCreek
2377,SwanHillRC,Nowie
2378,AlpineS,NugNug
2379,MountAlexanderS,Nuggetty
2380,MitchellS,NullaVale
2381,MoyneS,Nullawarre
2382,MoyneS,NullawarreNorth
2383,BulokeS,Nullawil
2384,MoiraS,Numurkah
2385,ManninghamC,Nunawading
2386,WhitehorseC,Nunawading
2387,EastGippslandS,Nungurner
2388,EastGippslandS,Nunniong
2389,WellingtonS,Nuntin
2390,WestWimmeraS,Nurcoung
2391,HorshamRC,Nurrabiel
2392,EastGippslandS,Nurran
2393,NillumbikS,Nutfield
2394,SwanHillRC,Nyah
2395,SwanHillRC,NyahWest
2396,BulokeS,Nyarrin
2397,EastGippslandS,Nyerimilang
2398,BawBawS,Nyora
2399,CardiniaS,Nyora
2400,SouthGippslandS,Nyora
2401,SwanHillRC,Nyrraby
2405,MorelandC,OakPark
2406,HumeC,OaklandsJunction
2407,MonashC,Oakleigh
2408,MonashC,OakleighEast
2409,KingstonC,OakleighSouth
2410,MonashC,OakleighSouth
2411,GannawarraS,Oakvale
2412,EastGippslandS,OceanGrange
2413,WellingtonS,OceanGrange
2414,GreaterGeelongC,OceanGrove
2415,CardiniaS,Officer
2416,CardiniaS,OfficerSouth
2417,TowongS,OldTallangatta
2418,YarraRangesS,Olinda
2419,ColacOtwayS,Ombersley
2420,SurfCoastS,Ombersley
2421,EastGippslandS,Omeo
2422,EastGippslandS,OmeoValley
2423,ColacOtwayS,Ondit
2424,EastGippslandS,Orbost
2425,MoyneS,Orford
2426,GlenEiraC,Ormond
2427,GreaterSheppartonC,Orrvale
2428,IndigoS,OsbornesFlat
2429,BassCoastS,Outtrim
2430,SouthGippslandS,Outtrim
2431,MilduraRC,Ouyen
2432,AlpineS,Ovens
2433,WangarattaRC,Oxley
2434,WangarattaRC,OxleyFlats
2435,WestWimmeraS,Ozenkadnook
2439,CorangamiteS,Paaratte
2440,LoddonS,Painswick
2441,CardiniaS,Pakenham
2442,CardiniaS,PakenhamSouth
2443,CardiniaS,PakenhamUpper
2444,MilduraRC,Panitya
2445,MoyneS,Panmure
2446,NillumbikS,PantonHill
2447,NorthernGrampiansS,Paradise
2448,WellingtonS,ParadiseBeach
2449,SurfCoastS,Paraparap
2450,ManninghamC,ParkOrchards
2451,MaroondahC,ParkOrchards
2452,KingstonC,Parkdale
2453,MelbourneC,Parkville
2454,MorelandC,Parkville
2455,MeltonS,Parwan
2456,MooraboolS,Parwan
2457,GlenelgS,Paschendale
2458,MorelandC,PascoeVale
2459,MorelandC,PascoeValeSouth
2460,MacedonRangesS,Pastoria
2461,MacedonRangesS,PastoriaEast
2462,MilduraRC,Patchewollock
2463,YarriambiackS,Patchewollock
2464,CampaspeS,Patho
2465,GlenEiraC,Patterson
2466,KingstonC,PattersonLakes
2467,WestWimmeraS,Patyah
2468,EastGippslandS,Paynesville
2469,CaseyC,Pearcedale
2470,MorningtonPeninsulaS,Pearcedale
2471,WellingtonS,Pearsondale
2472,MoiraS,Peechelba
2473,WangarattaRC,Peechelba
2474,WangarattaRC,PeechelbaEast
2475,MoiraS,Pelluebla
2476,ColacOtwayS,Pennyroyal
2477,SurfCoastS,Pennyroyal
2478,MoyneS,Penshurst
2479,SouthernGrampiansS,Penshurst
2480,SwanHillRC,PentalIsland
2481,MooraboolS,PentlandHills
2482,PyreneesS,Percydale
2483,WestWimmeraS,Peronne
2484,WellingtonS,PerryBridge
2485,CorangamiteS,Peterborough
2486,MoyneS,Peterborough
2487,ColacOtwayS,PetticoatCreek
2488,MurrindindiS,PheasantCreek
2489,SwanHillRC,Piangil
2490,CampaspeS,Piavella
2491,MoiraS,Picola
2492,MoiraS,PicolaWest
2493,BawBawS,Piedmont
2494,BulokeS,PierMilan
2495,SthnGrampiansS,PigeonPonds
2496,GoldenPlainsS,Piggoreet
2497,GreaterBendigoC,PilchersBridge
2498,HorshamRC,Pimpinio
2499,CampaspeS,PineGrove
2500,GreaterSheppartonC,PineLodge
2501,TowongS,PineMountain
2502,GannawarraS,PineView
2503,MonashC,Pinewood
2504,BassCoastS,PioneerBay
2505,MacedonRangesS,PipersCreek
2506,SwanHillRC,Pira
2507,MansfieldS,Piries
2508,ColacOtwayS,PirronYallock
2509,CorangamiteS,PirronYallock
2510,GoldenPlainsS,Pitfield
2511,CorangamiteS,Pittong
2512,GoldenPlainsS,Pittong
2513,PyreneesS,Pittong
2514,NillumbikS,Plenty
2515,MeltonS,Plumpton
2516,WyndhamC,PointCook
2517,MorningtonPeninsulaS,PointLeo
2518,GreaterGeelongC,PointLonsdale
2519,QueenscliffeB,PointLonsdale
2520,GreaterGeelongC,PointWilson
2521,SwanHillRC,Polisbet
2522,CorangamiteS,Pomborneit
2523,CorangamiteS,PomborneitEast
2524,CorangamiteS,PomborneitNorth
2525,AraratRC,Pomonal
2526,NorthernGrampiansS,Pomonal
2527,LoddonS,Pompapiel
2528,WestWimmeraS,Poolaijelo
2529,MooraboolS,Pootilla
2530,SouthGippslandS,Poowong
2531,BawBawS,PoowongEast
2532,SouthGippslandS,PoowongEast
2533,BawBawS,PoowongNorth
2534,SouthGippslandS,PoowongNorth
2535,MountAlexanderS,PorcupineFlat
2536,HepburnS,PorcupineRidge
2537,AlpineS,Porepunkah
2538,WellingtonS,PortAlbert
2539,CorangamiteS,PortCampbell
2540,MoyneS,PortFairy
2541,SouthGippslandS,PortFranklin
2542,MelbourneC,PortMelbourne
2543,PortPhillipC,PortMelbourne
2544,SouthGippslandS,PortWelshpool
2545,GreaterGeelongC,Portarlington
2546,GlenelgS,Portland
2547,GlenelgS,PortlandNorth
2548,GlenelgS,PortlandWest
2549,MorningtonPeninsulaS,Portsea
2550,BassCoastS,PoundCreek
2551,SouthGippslandS,PoundCreek
2552,YarraRangesS,Powelltown
2553,WestWimmeraS,PowersCreek
2554,LoddonS,PowlettPlains
2555,BassCoastS,PowlettRiver
2556,MelbourneC,Prahran
2557,StonningtonC,Prahran
2558,LoddonS,Prairie
2559,StrathbogieS,Pranjip
2560,IndigoS,PrenticeNorth
2561,DarebinC,Preston
2562,YarraC,PrincesHill
2563,CorangamiteS,Princetown
2564,MitchellS,Puckapunyal
2565,AraratRC,PuraPura
2566,CorangamiteS,PuraPura
2567,MoyneS,PuraPura
2568,MoyneS,Purdeet
2569,SouthernGrampiansS,Purdeet
2570,MoyneS,Purnim
2571,MoyneS,PurnimWest
2572,CorangamiteS,PurrumbeteSouth
2573,MitchellS,Pyalong
2574,LoddonS,PyramidHill
2578,GannawarraS,Quambatook
2579,WyndhamC,Quandong
2580,HorshamRC,Quantong
2581,GreaterBendigoC,QuarryHill
2582,QueenscliffeB,Queenscliff
2583,BassCoastS,Queensferry
2587,PyreneesS,Raglan
2588,HindmarshS,Rainbow
2589,YarriambiackS,Rainbow
2590,SouthGippslandS,Ranceby
2591,CentralGoldfieldsS,Rathscar
2592,PyreneesS,Rathscar
2593,PyreneesS,RathscarWest
2594,MeltonS,Ravenhall
2595,MountAlexanderS,Ravenswood
2596,MtAlexanderS,RavenswoodSouth
2597,BawBawS,Rawson
2598,EastGippslandS,RaymondIsland
2599,GreaterBendigoC,Raywood
2600,LoddonS,Raywood
2601,IndigoS,RedBluff
2602,MilduraRC,RedCliffs
2603,MorningtonPeninsulaS,RedHill
2604,MorningtonPenS,RedHillSouth
2605,CentralGoldfieldsS,RedLion
2606,BallaratC,Redan
2607,NorthernGrampiansS,Redbank
2608,PyreneesS,Redbank
2609,CampaspeS,Redcastle
2610,GreaterBendigoC,Redcastle
2611,GreaterBendigoC,Redesdale
2612,MountAlexanderS,Redesdale
2613,EastGippslandS,ReedyCreek
2614,MitchellS,ReedyCreek
2615,BulokeS,ReedyDam
2616,GannawarraS,ReedyLake
2617,YarraRangesS,Reefton
2618,DarebinC,RegentWest
2619,NillumbikS,Research
2620,DarebinC,Reservoir
2621,MansfieldS,Reynard
2622,WellingtonS,Reynard
2623,LoddonS,Rheola
2624,BassCoastS,Rhyll
2625,AraratRC,Rhymney
2626,NorthernGrampiansS,Riachella
2627,BulokeS,RichAvon
2628,NthnGrampiansS,RichAvonEast
2629,NthnGrampiansS,RichAvonWest
2630,YarriambiackS,RichAvonWest
2631,YarraC,Richmond
2632,BulokeS,RichmondPlains
2633,LoddonS,RichmondPlains
2634,MacedonRangesS,RiddellsCreek
2635,StrathbogieS,RiggsCreek
2636,MaroondahC,Ringwood
2637,MaroondahC,RingwoodEast
2638,ManninghamC,RingwoodNorth
2639,MaroondahC,RingwoodNorth
2640,BawBawS,Ripplebrook
2641,GreaterGeelongC,Rippleside
2642,MoyneS,Ripponhurst
2643,PortPhillipC,Ripponlea
2644,HorshamRC,Riverside
2645,WellingtonS,Riverslea
2646,WellingtonS,RobertsonsBeach
2647,SwanHillRC,Robinvale
2648,CampaspeS,Rochester
2649,MacedonRangesS,Rochford
2650,MeltonS,Rockbank
2651,SouthernGrampiansS,Rocklands
2652,HepburnS,Rocklyn
2653,AraratRC,RockyPoint
2654,CentralGoldfieldsS,Rodborough
2655,BawBawS,Rokeby
2656,GoldenPlainsS,Rokewood
2657,GoldenPlainsS,RokewoodJunction
2658,MacedonRangesS,Romsey
2659,BanyuleC,Rosanna
2660,WangarattaRC,RoseRiver
2661,YarriambiackS,Rosebery
2662,MoyneS,Rosebrook
2663,MorningtonPeninsulaS,Rosebud
2664,MorningtonPenS,RosebudWest
2665,WellingtonS,Rosedale
2666,NorthernGrampiansS,RosesGap
2667,AlpineS,Rosewhite
2668,CampaspeS,Roslynmead
2669,GoldenPlainsS,RossCreek
2670,AraratRC,Rossbridge
2671,NorthernGrampiansS,Rostron
2672,MooraboolS,Rowsley
2673,KnoxC,Rowville
2674,HumeC,RoxburghPark
2675,MurrindindiS,Rubicon
2676,SouthGippslandS,Ruby
2677,MurrindindiS,Ruffy
2678,StrathbogieS,Ruffy
2679,AlpineS,RunningCreek
2680,CampaspeS,Runnymede
2681,NorthernGrampiansS,Rupanyup
2682,YarriambiackS,Rupanyup
2683,CampaspeS,Rushworth
2684,GoldenPlainsS,RussellsBridge
2685,IndigoS,Rutherglen
2686,BassCoastS,Ryanston
2687,MorningtonPeninsulaS,Rye
2688,CardiniaS,Rythdale
2692,MorningtonPenS,SafetyBeach
2693,HepburnS,SailorsFalls
2694,GreaterBendigoC,SailorsGully
2695,HepburnS,SailorsHill
2696,BanyuleC,SaintHelena
2697,WellingtonS,Sale
2698,WellingtonS,SaleEast
2699,LoddonS,SalisburyWest
2700,BenallaRC,Samaria
2701,BassCoastS,SanRemo
2702,GlenelgS,Sandford
2703,GannawarraS,SandhillLake
2704,FrankstonC,Sandhurst
2705,GreaterBendigoC,SandhurstEast
2706,HepburnS,Sandon
2707,MountAlexanderS,Sandon
2708,GrDandenongC,SandownVillage
2709,BaysideC,Sandringham
2710,IndigoS,SandyCreek
2711,SouthGippslandS,SandyPoint
2712,WellingtonS,Sargood
2713,EastGippslandS,Sarsfield
2714,KnoxC,Sassafras
2715,YarraRangesS,Sassafras
2716,MansfieldS,SawmillSettlement
2717,GoldenPlainsS,Scarsdale
2718,KnoxC,Scoresby
2719,BallaratC,ScotchmansLead
2720,BallaratC,Scotsburn
2721,MooraboolS,Scotsburn
2722,CorangamiteS,ScottsCreek
2723,BulokeS,SeaLake
2724,HobsonsBayC,Seabrook
2725,WellingtonS,Seacombe
2726,FrankstonC,Seaford
2727,HobsonsBayC,Seaholme
2728,WellingtonS,Seaspray
2729,WellingtonS,Seaton
2730,BawBawS,Seaview
2731,GreaterBendigoC,Sebastian
2732,LoddonS,Sebastian
2733,BallaratC,Sebastopol
2734,MaribyrnongC,Seddon
2735,GreaterBendigoC,Sedgwick
2736,YarraRangesS,Selby
2737,AlpineS,Selwyn
2738,ColacOtwayS,SeparationCreek
2739,LoddonS,Serpentine
2740,WestWimmeraS,Serviceton
2741,YarraRangesS,Seville
2742,YarraRangesS,SevilleEast
2743,MitchellS,Seymour
2744,BawBawS,ShadyCreek
2745,EastGippslandS,Shannonvale
2746,NorthernGrampiansS,ShaysFlat
2747,PyreneesS,ShaysFlat
2748,GoldenPlainsS,SheOaks
2749,StrathbogieS,SheansCreek
2750,YarriambiackS,SheepHills
2751,GreaterBendigoC,Shelbourne
2752,LoddonS,Shelbourne
2753,MountAlexanderS,Shelbourne
2754,GoldenPlainsS,Shelford
2755,TowongS,Shelley
2756,HepburnS,ShepherdsFlat
2757,GreaterSheppartonC,Shepparton
2758,GreaterSheppartonC,SheppartonEast
2759,GreaterSheppartonC,SheppartonNorth
2760,YarraRangesS,Sherbrooke
2761,PyreneesS,Shirley
2762,MorningtonPeninsulaS,Shoreham
2763,MacedonRangesS,Sidonia
2764,YarraRangesS,Silvan
2765,BassCoastS,Silverleaves
2766,CampaspeS,Simmie
2767,ColacOtwayS,Simpson
2768,CorangamiteS,Simpson
2769,EastGippslandS,SimpsonsCreek
2770,CentralGoldfieldsS,Simson
2771,ColacOtwayS,SkenesCreek
2772,ColacOtwayS,SkenesCreekNorth
2773,CorangamiteS,Skibo
2774,LoddonS,SkinnersFlat
2775,CorangamiteS,Skipton
2776,FrankstonC,Skye
2777,LoddonS,SlatyCreek
2778,NorthernGrampiansS,SlatyCreek
2779,HepburnS,Smeaton
2780,BassCoastS,SmithsBeach
2781,NillumbikS,SmithsGully
2782,HepburnS,SmokeyTown
2783,AlpineS,Smoko
2784,BallaratC,SmythesCreek
2785,GoldenPlainsS,SmythesCreek
2786,GoldenPlainsS,Smythesdale
2787,WellingtonS,SnakeIsland
2788,PyreneesS,SnakeValley
2789,BallaratC,SoldiersHill
2790,MorningtonPeninsulaS,Somers
2791,HumeC,Somerton
2792,MorningtonPeninsulaS,Somerville
2793,MorningtonPeninsulaS,Sorrento
2794,PortPhillipC,SouthMelbourne
2795,MelbourneC,SouthYarra
2796,StonningtonC,SouthYarra
2797,MelbourneC,Southbank
2798,PortPhillipC,Southbank
2799,MoyneS,SouthernCross
2800,BallaratC,SovereignHill
2801,MooraboolS,SpargoCreek
2802,GreaterBendigoC,SpecimenHill
2803,YarriambiackS,Speed
2804,SwanHillRC,Speewa
2805,HobsonsBayC,Spotswood
2806,GreaterBendigoC,SpringGully
2807,HepburnS,SpringHill
2808,MacedonRangesS,SpringHill
2809,MooraboolS,Springbank
2810,GoldenPlainsS,Springdallah
2811,BulokeS,Springfield
2812,MacedonRangesS,Springfield
2813,WangarattaRC,Springhurst
2814,HepburnS,Springmount
2815,GrDandenongC,Springvale
2816,GrDandenongC,SpringvaleSouth
2817,BrimbankC,StAlbans
2818,GreaterGeelongC,StAlbansPark
2819,NillumbikS,StAndrews
2820,MorningtonPenS,StAndrewsBeach
2821,NorthernGrampiansS,StArnaud
2822,NthnGrampiansS,StArnaudEast
2823,NthnGrampiansS,StArnaudNorth
2824,BassCoastS,StClair
2825,GreaterSheppartonC,StGermains
2826,MoyneS,StHelens
2827,HorshamRC,StHelensPlains
2828,MoiraS,StJames
2829,PortPhillipC,StKilda
2830,GlenEiraC,StKildaEast
2831,PortPhillipC,StKildaEast
2832,PortPhillipC,StKildaWest
2833,GreaterGeelongC,StLeonards
2834,WellingtonS,StaceysBridge
2835,GoldenPlainsS,StaffordshireReef
2836,IndigoS,StaghornFlat
2837,WodongaRC,StaghornFlat
2838,CampaspeS,Stanhope
2839,GreaterSheppartonC,StanhopeSouth
2840,IndigoS,Stanley
2841,GreaterGeelongC,StaughtonVale
2842,AraratRC,Stavely
2843,NorthernGrampiansS,Stawell
2844,YarraRangesS,SteelsCreek
2845,GoldenPlainsS,Steiglitz
2846,BenallaRC,Stewarton
2847,GreaterSheppartonC,Stewarton
2848,EastGippslandS,Stirling
2849,WellingtonS,Stockdale
2850,PyreneesS,StockyardHill
2851,GoldenPlainsS,Stonehaven
2852,AraratRC,Stoneleigh
2853,PyreneesS,Stoneleigh
2854,CentralGoldfieldsS,StonyCreek
2855,HepburnS,StonyCreek
2856,SouthGippslandS,StonyCreek
2857,ColacOtwayS,Stonyford
2858,CorangamiteS,Stonyford
2859,WellingtonS,Stradbroke
2860,HepburnS,Strangways
2861,MountAlexanderS,Strangways
2862,BulokeS,Straten
2863,WellingtonS,Stratford
2864,MurrindindiS,StrathCreek
2865,CampaspeS,Strathallan
2866,BenallaRC,Strathbogie
2867,MansfieldS,Strathbogie
2868,StrathbogieS,Strathbogie
2869,GreaterBendigoC,Strathdale
2870,GlenelgS,Strathdownie
2871,NillumbikS,Strathewen
2872,GreaterBendigoC,Strathfieldsaye
2873,SouthernGrampiansS,Strathkellar
2874,CentralGoldfieldsS,Strathlea
2875,MountAlexanderS,Strathlea
2876,MoiraS,Strathmerton
2877,MooneeValleyC,Strathmore
2878,MooneeValleyC,StrathmoreHeights
2879,AraratRC,Streatham
2880,PyreneesS,Streatham
2881,BawBawS,Strzelecki
2882,SouthGippslandS,Strzelecki
2883,NorthernGrampiansS,StuartMill
2884,KnoxC,Studfield
2885,ColacOtwayS,Sugarloaf
2886,MitchellS,SugarloafCreek
2887,EastGippslandS,SugganBuggan
2888,HepburnS,Sulky
2889,GreaterBendigoC,Summerfield
2890,BassCoastS,Summerlands
2891,HumeC,Sunbury
2892,MitchellS,SundayCreek
2893,BassCoastS,SunderlandBay
2894,MilduraRC,Sunnycliffs
2895,BassCoastS,SunsetStrip
2896,BrimbankC,Sunshine
2897,BrimbankC,SunshineNorth
2898,BrimbankC,SunshineWest
2899,BassCoastS,SurfBeach
2900,BoroondaraC,SurreyHills
2901,WhitehorseC,SurreyHills
2902,NorthernGrampiansS,Sutherland
2903,GoldenPlainsS,SutherlandsCreek
2904,BulokeS,Sutton
2905,MountAlexanderS,SuttonGrange
2906,GreaterGeelongC,SwanBay
2907,SwanHillRC,SwanHill
2908,SwanHillRC,SwanHillWest
2909,QueenscliffeB,SwanIsland
2910,ColacOtwayS,SwanMarsh
2911,EastGippslandS,SwanReach
2912,BenallaRC,Swanpool
2913,NorthernGrampiansS,Swanwater
2914,NthnGrampiansS,SwanwaterWest
2915,EastGippslandS,SwiftsCreek
2916,BrimbankC,Sydenham
2917,LoddonS,Sylvaterre
2918,MonashC,Syndal
2922,EastGippslandS,Tabberabbera
2923,StrathbogieS,Tabilk
2924,SouthernGrampiansS,Tabor
2925,MurrindindiS,Taggerty
2926,GlenelgS,Tahara
2927,SouthernGrampiansS,Tahara
2928,GlenelgS,TaharaBridge
2929,GlenelgS,TaharaWest
2930,CentralGoldfieldsS,Talbot
2931,TowongS,Talgarno
2932,TowongS,Tallandoon
2933,TowongS,Tallangatta
2934,TowongS,TallangattaEast
2935,TowongS,TallangattaSouth
2936,TowongS,TallangattaValley
2937,MitchellS,Tallarook
2938,GreaterSheppartonC,Tallygaroopna
2939,EastGippslandS,TamboCrossing
2940,EastGippslandS,TamboUpper
2941,EastGippslandS,Tamboon
2942,WellingtonS,Tamboritha
2943,BenallaRC,Taminick
2944,StrathbogieS,Tamleugh
2945,GreaterSheppartonC,TamleughNorth
2946,CorangamiteS,Tandarook
2947,LoddonS,Tandarra
2948,IndigoS,Tangambalanga
2949,BawBawS,Tanjil
2950,BawBawS,TanjilBren
2951,BawBawS,TanjilSouth
2952,LatrobeC,TanjilSouth
2953,MacedonRangesS,Tantaraboo
2954,PyreneesS,Tanwood
2955,ColacOtwayS,Tanybryn
2956,HepburnS,Taradale
2957,MacedonRangesS,Taradale
2958,MountAlexanderS,Taradale
2959,MitchellS,Tarcombe
2960,StrathbogieS,Tarcombe
2961,HepburnS,Tarilta
2962,MountAlexanderS,Tarilta
2963,CampaspeS,Taripta
2964,LoddonS,Tarnagulla
2965,WyndhamC,Tarneit
2966,BenallaRC,Tarnook
2967,CorangamiteS,Taroon
2968,MoyneS,Taroon
2969,WellingtonS,TarraValley
2970,HindmarshS,Tarranyurk
2971,WellingtonS,Tarraville
2972,YarraRangesS,Tarrawarra
2973,WangarattaRC,Tarrawingee
2974,SthnGrampiansS,Tarrayoukyan
2975,WestWimmeraS,Tarrayoukyan
2976,MountAlexanderS,Tarrengower
2977,SouthernGrampiansS,Tarrenlea
2978,SouthernGrampiansS,Tarrington
2979,MoyneS,Tarrone
2980,SouthGippslandS,Tarwin
2981,SouthGippslandS,TarwinLower
2982,BenallaRC,Tatong
2983,WangarattaRC,Tatong
2984,GreaterSheppartonC,Tatura
2985,GreaterSheppartonC,TaturaEast
2986,AraratRC,Tatyoon
2987,AlpineS,Tawonga
2988,AlpineS,TawongaSouth
2989,MurrindindiS,TaylorBay
2990,MeltonS,TaylorsHill
2991,BrimbankC,TaylorsLakes
2992,GannawarraS,TealPoint
2993,YarraRangesS,Tecoma
2994,BulokeS,Teddywaddy
2995,BulokeS,TeddywaddyWest
2996,GoldenPlainsS,Teesdale
2997,HorshamRC,TelangatukEast
2998,MoiraS,Telford
2999,WestWimmeraS,TelopeaDowns
3000,ManninghamC,Templestowe
3001,ManninghamC,TemplestoweLower
3002,MilduraRC,Tempy
3003,YarriambiackS,Tempy
3004,BassCoastS,TenbyPoint
3005,CardiniaS,TenbyPoint
3006,CampaspeS,Tennyson
3007,CorangamiteS,Terang
3008,MoyneS,Terang
3009,MurrindindiS,TeripTerip
3010,BulokeS,Terrappee
3011,LoddonS,Terrappee
3012,LoddonS,TerrickTerrick
3013,CampaspeS,TerrickTerrickEast
3014,LoddonS,TerrickTerrickEast
3015,CampaspeS,TerrickTerrickWest
3016,CorangamiteS,Tesbury
3017,BawBawS,TetooraRoad
3018,BulokeS,Thalia
3019,BawBawS,Thaloo
3020,KnoxC,TheBasin
3021,MoyneS,TheCove
3022,EastGippslandS,TheFingerboards
3023,BassCoastS,TheGurdies
3024,WellingtonS,TheHeart
3025,WellingtonS,TheHoneysuckles
3026,YarraRangesS,ThePatch
3027,CampaspeS,TheSettlement
3028,MoyneS,TheSisters
3029,TowongS,Thologolong
3030,WhittleseaC,Thomastown
3031,BawBawS,Thomson
3032,GreaterGeelongC,Thomson
3033,BenallaRC,Thoona
3034,DarebinC,Thornbury
3035,MurrindindiS,Thornton
3036,BawBawS,Thorpdale
3037,SouthGippslandS,Thorpdale
3038,BawBawS,ThorpdaleSouth
3039,SouthGippslandS,ThorpdaleSouth
3040,TowongS,ThowglaValley
3041,YarraRangesS,ThreeBridges
3042,SouthGippslandS,TidalRiver
3043,EastGippslandS,Timbarra
3044,CorangamiteS,Timboon
3045,CorangamiteS,TimboonWest
3046,CampaspeS,Timmering
3047,CentralGoldfieldsS,Timor
3048,CentralGoldfieldsS,TimorWest
3049,WellingtonS,Tinamba
3050,WellingtonS,TinambraWest
3051,TowongS,Tintaldra
3052,BulokeS,Titybong
3053,GannawarraS,Titybong
3054,SwanHillRC,TolTol
3055,BenallaRC,Tolmie
3056,MansfieldS,Tolmie
3057,WangarattaRC,Tolmie
3058,EastGippslandS,TomGroggin
3059,TowongS,TomGroggin
3060,CampaspeS,Tongala
3061,EastGippslandS,TonghiCreek
3062,EastGippslandS,Tongio
3063,CardiniaS,Tonimbuk
3064,HorshamRC,Tooan
3065,MitchellS,Tooborac
3066,GreaterSheppartonC,Toolamba
3067,GreaterSheppartonC,ToolambaEast
3068,GreaterSheppartonC,ToolambaWest
3069,MurrindindiS,Toolangi
3070,YarraRangesS,Toolangi
3071,MacedonRangesS,ToolernVale
3072,MeltonS,ToolernVale
3073,CampaspeS,Toolleen
3074,GreaterBendigoC,Toolleen
3075,WellingtonS,Toolome
3076,HorshamRC,Toolondo
3077,MoyneS,Toolong
3078,BawBawS,Toombon
3079,BawBawS,Toongabbie
3080,LatrobeC,Toongabbie
3081,WellingtonS,Toongabbie
3082,SouthGippslandS,Toora
3083,SouthGippslandS,TooraNorth
3084,WellingtonS,TooraNorth
3085,CardiniaS,Tooradin
3086,CaseyC,Tooradin
3087,StonningtonC,Toorak
3088,EastGippslandS,ToorlooArm
3089,BawBawS,Toorongo
3090,YarraRangesS,Toorongo
3091,MorningtonPeninsulaS,Tootgarook
3092,SurfCoastS,Torquay
3093,MilduraRC,Torrita
3094,CampaspeS,Torrumbarry
3095,EastGippslandS,Tostaree
3096,MaribyrnongC,Tottenham
3097,NorthernGrampiansS,Tottington
3098,BallaratC,Tourello
3099,SwanHillRC,Towan
3100,BulokeS,Towaninny
3101,GannawarraS,Towaninny
3102,BulokeS,TowaninnySouth
3103,MoyneS,TowerHill
3104,TowongS,Towong
3105,TowongS,TowongLower
3106,BawBawS,Trafalgar
3107,BawBawS,TrafalgarEast
3108,BawBawS,TrafalgarSouth
3109,GannawarraS,Tragowel
3110,LatrobeC,Traralgon
3111,LatrobeC,TraralgonEast
3112,LatrobeC,TraralgonSouth
3113,MooneeValleyC,Travancore
3114,PyreneesS,Trawalla
3115,MitchellS,Trawool
3116,MurrindindiS,Trawool
3117,NthnGrampiansS,TraynorsLagoon
3118,YarraRangesS,Tremont
3119,HepburnS,Trentham
3120,MooraboolS,Trentham
3121,HepburnS,TrenthamEast
3122,MacedonRangesS,TrenthamEast
3123,SwanHillRC,Tresco
3124,SwanHillRC,TrescoWest
3125,BawBawS,Trida
3126,SouthGippslandS,Trida
3127,MeltonS,Truganina
3128,WyndhamC,Truganina
3129,EastGippslandS,Tubbut
3130,SwanHillRC,Tudor
3131,MorningtonPeninsulaS,Tuerong
3132,NorthernGrampiansS,Tulkara
3133,BrimbankC,Tullamarine
3134,HumeC,Tullamarine
3135,MorelandC,Tullamarine
3136,MoiraS,Tungamah
3137,SwanHillRC,Turoar
3138,YarriambiackS,Turriff
3139,BulokeS,TurriffEast
3140,SouthGippslandS,TurtonsCreek
3141,MilduraRC,Tutye
3142,MitchellS,Tyaak
3143,MorningtonPeninsulaS,Tyabb
3144,LatrobeC,Tyers
3145,HepburnS,Tylden
3146,MacedonRangesS,Tylden
3147,HepburnS,TyldenSouth
3148,CardiniaS,Tynong
3149,CardiniaS,TynongNorth
3150,SwanHillRC,Tyntynder
3151,SwanHillRC,TyntynderSouth
3152,GlenelgS,Tyrendarra
3153,MoyneS,Tyrendarra
3154,MoyneS,TyrendarraEast
3155,BulokeS,Tyrrell
3156,SwanHillRC,Tyrrell
3157,BulokeS,TyrrellDowns
3158,GreaterBendigoC,TysonsReef
3162,HepburnS,Ullina
3163,WestWimmeraS,Ullswater
3164,SwanHillRC,Ultima
3165,SwanHillRC,UltimaEast
3166,MoiraS,Ulupna
3167,GreaterSheppartonC,Undera
3168,MilduraRC,Underbool
3169,EastGippslandS,Uplands
3170,StrathbogieS,Upotipotpon
3171,KnoxC,UpperFerntreeGully
3172,YarraRangesS,UpperFerntreeGully
3173,AlpineS,UpperGundowring
3174,MitchellS,UpperPlenty
3175,BenallaRC,UpperRyansCreek
3176,StrathbogieS,UptonHill
3177,YarraRangesS,Upwey
3181,WellingtonS,ValenciaCreek
3182,SouthernGrampiansS,Vasey
3183,MountAlexanderS,Vaughan
3184,HorshamRC,Vectis
3185,BassCoastS,Ventnor
3186,SouthGippslandS,VenusBay
3187,MaroondahC,Vermont
3188,WhitehorseC,Vermont
3189,WhitehorseC,VermontSouth
3190,CardiniaS,Vervale
3191,BawBawS,Vesper
3192,SthnGrampiansS,VictoriaPoint
3193,SthnGrampiansS,VictoriaValley
3194,BanyuleC,Viewbank
3195,SwanHillRC,Vinifera
3196,GreaterSheppartonC,VioletTown
3197,StrathbogieS,VioletTown
3198,CorangamiteS,ViteVite
3199,CorangamiteS,ViteViteNorth
3203,EastGippslandS,WTree
3204,MoiraS,Waaia
3205,LoddonS,Waanyarra
3206,CorangamiteS,Waarre
3207,WangarattaRC,Wabonga
3208,MoiraS,Waggarandall
3209,IndigoS,Wahgunyah
3210,StrathbogieS,Wahring
3211,HorshamRC,Wail
3212,EastGippslandS,Wairewa
3213,SwanHillRC,Waitchie
3214,NorthernGrampiansS,WalWal
3215,WangarattaRC,Waldara
3216,BawBawS,Walhalla
3217,WellingtonS,Walhalla
3218,WellingtonS,WalhallaEast
3219,SouthGippslandS,Walkerville
3220,SthGippslandS,WalkervilleSouth
3221,MooraboolS,Wallace
3222,GlenelgS,Wallacedale
3223,MoyneS,Wallacedale
3224,EastGippslandS,Wallagaraugh
3225,NorthernGrampiansS,Wallaloo
3226,NthnGrampiansS,WallalooEast
3227,MitchellS,Wallan
3228,GoldenPlainsS,Wallinduc
3229,GreaterGeelongC,Wallington
3230,YarriambiackS,Wallup
3231,MountAlexanderS,Walmer
3232,EastGippslandS,Walpa
3233,MilduraRC,Walpeup
3234,TowongS,Walwa
3235,CampaspeS,Wanalta
3236,GrGeelongC,WandanaHeights
3237,GannawarraS,Wandella
3238,AlpineS,Wandiligong
3239,YarraRangesS,WandinEast
3240,YarraRangesS,WandinNorth
3241,GlenelgS,WandoBridge
3242,GlenelgS,WandoVale
3243,SouthernGrampiansS,WandoVale
3244,MitchellS,Wandong
3245,SwanHillRC,Wandown
3246,BenallaRC,Wangandary
3247,WangarattaRC,Wangandary
3248,EastGippslandS,Wangarabell
3249,WangarattaRC,Wangaratta
3250,WangarattaRC,WangarattaEast
3251,WangarattaRC,WangarattaNorth
3252,WangarattaRC,WangarattaSouth
3253,MoyneS,Wangoom
3254,SouthernGrampiansS,Wannon
3255,KnoxC,Wantirna
3256,KnoxC,WantirnaSouth
3257,CampaspeS,Waranga
3258,GreaterSheppartonC,Waranga
3259,CampaspeS,WarangaShores
3260,SouthGippslandS,WaratahBay
3261,YarraRangesS,Warburton
3262,YarraRangesS,WarburtonEast
3263,CentralGoldfieldsS,Wareek
3264,PyreneesS,Wareek
3265,MilduraRC,Wargan
3266,BulokeS,Warmur
3267,ColacOtwayS,Warncoort
3268,BulokeS,Warne
3269,CaseyC,Warneet
3270,MoyneS,Warrabkook
3271,YarriambiackS,Warracknabeal
3272,BawBawS,Warragul
3273,BawBawS,WarragulSouth
3274,BawBawS,WarragulWest
3275,AraratRC,Warrak
3276,ManninghamC,Warrandyte
3277,NillumbikS,WarrandyteNorth
3278,ManninghamC,WarrandyteSouth
3279,MaroondahC,Warranwood
3280,SouthernGrampiansS,Warrayure
3281,BenallaRC,Warrenbayne
3282,BallaratC,Warrenheip
3283,MooraboolS,Warrenheip
3284,PyreneesS,Warrenmang
3285,ColacOtwayS,Warrion
3286,MoyneS,Warrnambool
3287,WarrnamboolC,Warrnambool
3288,GlenelgS,Warrock
3289,MoyneS,Warrong
3290,HorshamRC,Wartook
3291,NorthernGrampiansS,Wartook
3292,BulokeS,Watchem
3293,BulokeS,WatchemWest
3294,BulokeS,Watchupga
3295,WellingtonS,Waterford
3296,MitchellS,WaterfordPark
3297,EastGippslandS,Waterholes
3298,PyreneesS,Waterloo
3299,KingstonC,Waterways
3300,BanyuleC,Watsonia
3301,BanyuleC,WatsoniaNorth
3302,NillumbikS,WatsonsCreek
3303,BassCoastS,WattleBank
3304,NorthernGrampiansS,WattleCreek
3305,PyreneesS,WattleCreek
3306,BallaratC,WattleFlat
3307,HepburnS,WattleFlat
3308,MooraboolS,WattleFlat
3309,NillumbikS,WattleGlen
3310,CorangamiteS,WattleHill
3311,WhitehorseC,WattlePark
3312,HepburnS,Waubra
3313,PyreneesS,Waubra
3314,GreaterGeelongC,WaurnPonds
3315,EastGippslandS,Waygara
3316,BallaratC,Weatherboard
3317,LoddonS,Wedderburn
3318,LoddonS,WedderburnJunction
3319,GannawarraS,WeeWeeRup
3320,ColacOtwayS,Weeaproinah
3321,EastGippslandS,Weeragua
3322,ColacOtwayS,Weering
3323,CorangamiteS,Weerite
3324,LoddonS,Wehla
3325,GreaterBendigoC,Wellsford
3326,MtAlexanderS,WelshmansReef
3327,SouthGippslandS,Welshpool
3328,SwanHillRC,Wemen
3329,BallaratC,Wendouree
3330,BallaratC,WendoureeVillage
3331,SurfCoastS,Wensleydale
3332,CorangamiteS,Werneth
3333,GoldenPlainsS,Werneth
3334,HepburnS,Werona
3335,MountAlexanderS,Werona
3336,WyndhamC,Werribee
3337,WyndhamC,WerribeeSouth
3338,MilduraRC,Werrimull
3339,YarraRangesS,Wesburn
3340,BassCoastS,WestCreek
3341,BawBawS,Westbury
3342,GannawarraS,Westby
3343,HumeC,Westmeadows
3344,AraratRC,Westmere
3345,CampaspeS,Wharparilla
3346,HepburnS,Wheatsheaf
3347,MonashC,WheelersHill
3348,GreaterBendigoC,Whipstick
3349,BulokeS,Whirily
3350,GreaterBendigoC,WhiteHills
3351,MitchellS,WhiteheadsCreek
3352,SouthGippslandS,Whitelaw
3353,WangarattaRC,Whitfield
3354,WangarattaRC,Whitlands
3355,GreaterGeelongC,Whittington
3356,WhittleseaC,Whittlesea
3357,ColacOtwayS,Whoorel
3358,WangarattaRC,Whorouly
3359,WangarattaRC,WhoroulyEast
3360,WangarattaRC,WhoroulySouth
3361,CampaspeS,Whroo
3362,StrathbogieS,Whroo
3363,AraratRC,Wickliffe
3364,MoiraS,Wilby
3365,SouthGippslandS,WildDogValley
3366,HumeC,Wildwood
3367,BulokeS,Wilkur
3368,YarriambiackS,Wilkur
3369,BulokeS,Willangie
3370,MoyneS,Willatook
3371,AraratRC,Willaura
3372,YarriambiackS,Willenabrina
3373,WyndhamC,WilliamsLanding
3374,HobsonsBayC,Williamstown
3375,HobsonsBayC,WilliamstownNorth
3376,BawBawS,WillowGrove
3377,MitchellS,Willowmavin
3378,WellingtonS,Willung
3379,WellingtonS,WillungSouth
3380,GreaterBendigoC,WilsonsHill
3381,SthGippslandS,WilsonsPromontory
3382,BassCoastS,WimbletonHeights
3383,ColacOtwayS,Winchelsea
3384,SurfCoastS,Winchelsea
3385,SurfCoastS,WinchelseaSouth
3386,BallaratC,Windermere
3387,PortPhillipC,Windsor
3388,StonningtonC,Windsor
3389,EastGippslandS,WinganRiver
3390,ColacOtwayS,Wingeel
3391,GoldenPlainsS,Wingeel
3392,NorthernGrampiansS,Winjallok
3393,SwanHillRC,Winlaton
3394,SwanHillRC,Winnambool
3395,GlenelgS,Winnap
3396,WellingtonS,Winnindoo
3397,MoyneS,Winslow
3398,BenallaRC,Winton
3399,BenallaRC,WintonNorth
3400,StrathbogieS,Wirrate
3401,EastGippslandS,Wiseleigh
3402,WodongaRC,Wodonga
3403,WodongaRC,WodongaWest
3404,WhittleseaC,Wollert
3405,EastGippslandS,WombatCreek
3406,WestWimmeraS,Wombelano
3407,WellingtonS,WonWron
3408,SouthGippslandS,Wonga
3409,ManninghamC,WongaPark
3410,MaroondahC,WongaPark
3411,ColacOtwayS,Wongarra
3412,AlpineS,Wongungarra
3413,WellingtonS,Wongungarra
3414,AlpineS,Wonnangatta
3415,BassCoastS,Wonthaggi
3416,BassCoastS,WonthaggiNorth
3417,HorshamRC,Wonwondah
3418,SouthGippslandS,Wonyip
3419,WellingtonS,Wonyip
3420,SwanHillRC,WoodWood
3421,MacedonRangesS,Woodend
3422,MacedonRangesS,WoodendNorth
3423,MansfieldS,Woodfield
3424,MoyneS,Woodford
3425,WarrnamboolC,Woodford
3426,EastGippslandS,Woodglen
3427,SouthernGrampiansS,Woodhouse
3428,BassCoastS,Woodleigh
3429,MansfieldS,WoodsPoint
3430,MurrindindiS,WoodsPoint
3431,WellingtonS,WoodsPoint
3432,WellingtonS,Woodside
3433,WellingtonS,WoodsideBeach
3434,WellingtonS,WoodsideNorth
3435,WhittleseaC,Woodstock
3436,LoddonS,WoodstockOnLoddon
3437,LoddonS,WoodstockWest
3438,GreaterBendigoC,Woodvale
3439,SouthernGrampiansS,Woohlpooer
3440,ColacOtwayS,WoolWool
3441,CorangamiteS,WoolWool
3442,BassCoastS,Woolamai
3443,WellingtonS,Woolenook
3444,IndigoS,Woolshed
3445,LoddonS,WoolshedFlat
3446,MoyneS,Woolsthorpe
3447,YarriambiackS,Woomelang
3448,IndigoS,Wooragee
3449,WellingtonS,Woorarra
3450,SouthGippslandS,WoorarraWest
3451,YarraRangesS,WooriYallock
3452,SwanHillRC,Woorinen
3453,SwanHillRC,WoorinenNorth
3454,SwanHillRC,WoorinenSouth
3455,AraratRC,Woorndoo
3456,MoyneS,Woorndoo
3457,BulokeS,Wooroonook
3458,BulokeS,Woosang
3459,LoddonS,Woosang
3460,SthnGrampiansS,WootongVale
3461,WellingtonS,Worrowing
3462,WellingtonS,Wrathung
3463,WellingtonS,Wrixen
3464,EastGippslandS,Wroxham
3465,EastGippslandS,WukWuk
3466,EastGippslandS,Wulgulmerang
3467,EastGippsS,WulgulmerangEast
3468,EastGippslS,WulgulmerangWest
3469,MoiraS,Wunghnu
3470,SurfCoastS,Wurdiboluc
3471,WellingtonS,Wurruk
3472,EastGippslandS,WyYung
3473,BulokeS,Wycheproof
3474,BulokeS,WycheproofSouth
3475,LoddonS,Wychitella
3476,LoddonS,WychitellaNorth
3477,ColacOtwayS,WyeRiver
3478,ColacOtwayS,Wyelangta
3479,WyndhamC,WyndhamVale
3480,YarriambiackS,WyperfieldNationalPark
3482,CampaspeS,Wyuna
3483,GreaterSheppartonC,Wyuna
3484,CampaspeS,WyunaEast
3488,YarriambiackS,Yaapeet
3489,MoiraS,YabbaNorth
3490,MoiraS,YabbaSouth
3491,IndigoS,Yackandandah
3492,MoiraS,Yalca
3493,BanyuleC,Yallambie
3494,AraratRC,Yalla-Y-Poora
3495,PyreneesS,Yalla-Y-Poora
3496,LatrobeC,Yallourn
3497,BawBawS,YallournNorth
3498,LatrobeC,YallournNorth
3499,EastGippslandS,Yalmy
3500,MoyneS,Yambuk
3501,CampaspeS,Yambuna
3502,NillumbikS,YanYean
3503,WhittleseaC,YanYean
3504,HindmarshS,Yanac
3505,SouthGippslandS,Yanakie
3506,LoddonS,Yando
3507,HepburnS,Yandoit
3508,MountAlexanderS,YandoitHills
3509,MoyneS,Yangery
3510,WarrnamboolC,Yangery
3511,WellingtonS,Yangoura
3512,CardiniaS,Yannathan
3513,MountAlexanderS,Yapeen
3514,MurrindindiS,Yarck
3515,MoyneS,Yarpturk
3516,YarraRangesS,YarraGlen
3517,YarraRangesS,YarraJunction
3518,LoddonS,Yarraberb
3519,BawBawS,Yarragon
3520,BawBawS,YarragonSouth
3521,WellingtonS,Yarram
3522,NillumbikS,Yarrambat
3523,MaribyrnongC,Yarraville
3524,LoddonS,Yarrawalla
3525,MoiraS,Yarrawonga
3526,MoiraS,Yarroweyah
3527,WangarattaRC,Yarrunga
3528,YarriambiackS,Yarto
3529,SouthernGrampiansS,Yatchaw
3530,BulokeS,YawongHills
3531,MurrindindiS,Yea
3532,YarraRangesS,Yellingbo
3533,MilduraRC,Yelta
3534,MooraboolS,Yendon
3535,ColacOtwayS,Yeo
3536,ColacOtwayS,Yeodene
3537,YarraRangesS,Yering
3538,BulokeS,Yeungroon
3539,BulokeS,YeungroonEast
3540,LoddonS,YeungroonEast
3541,MoiraS,Yielima
3542,LatrobeC,Yinnar
3543,LatrobeC,YinnarSouth
3544,NorthernGrampiansS,YorkPlains
3545,MoiraS,Youanmite
3546,MoiraS,Youarang
3547,SouthernGrampiansS,Yulecart
3548,MoiraS,Yundool
3549,HumeC,Yuroke
3550,ColacOtwayS,Yuulong
3551,CorangamiteS,Yuulong
3555,GreaterSheppartonC,Zeerust
3556,NorthernGrampiansS,Zumsteins
