Hotel_name,Hotel_city,Hotel_price
Luxury on the water,Melbourne,A$228 / night
"Gorgeous Brighton home ideal location, pet friendly",Melbourne,A$336 / night
Sailors Falls Estate - Studio Apartment,Hepburn Shire,A$199 / night
Roses of Daylesford - Rosemary Cottage ~ Beautiful,Daylesford,A$235 / night
Post Office Cottage- relax in peaceful surrounds.,Victoria,A$113 / night
The Pebble House-Tarnagulla,Victoria,A$122 / night
Some of the best views in Australia are right here.,Rural City of Wangaratta,A$154 / night
"New Modern, luxurious studio appartment 5mins walk to beach, shops and cafe's.",Cape Woolamai,A$279 / night
"Maple Cottage ""The Studio"" Trentham - $99 mid week Specials 700m CBD",Trentham,A$172 / night
Bella Loft: luxury studio apartment in the heart of Woodend,Woodend,A$270 / night
The Gatehouse - Light filled  cottage  in the leafy suburb of Hawthorn,Melbourne,A$200 / night
"Port Melbourne Seaviews, Gym, Pool & Tennis!",Melbourne,A$200 / night
Lilac Cottage - central but quiet,City of Greater Bendigo,A$133 / night
Big Tiny Altitude Tiny House Experience,Shire of Macedon Ranges,A$226 / night
"3BR house with pool, close to city and beaches!",Melbourne,A$311 / night
Kate's Place Daylesford Bordering The Botanic Gardens,Daylesford,A$235 / night
Lakeside Dream-Platypus/Lyrebirds/Views/Walks Ê¨¢ËøéÂõûÂÆ∂,Melbourne,A$214 / night
Geelong Manna Gum Tiny House,Surf Coast Shire,A$206 / night
Grand Designs East Melbourne 5x4 Eco House,Melbourne,A$355 / night
Romantic Getaway in the Macedon Ranges,Shire of Macedon Ranges,A$221 / night
A peaceful retreat in the heart of Carlton,Melbourne,A$224 / night
Glenlowren,Shire of Yarra Ranges,A$379 / night
RACV Goldfields Resort,Creswick,A$242 / night
Castlemaine Gardens Luxury Glamping,Castlemaine,A$240 / night
BIG4 Melbourne Holiday Park,Melbourne,A$139 / night
Lakes and Craters Holiday Park,Corangamite,A$160 / night
HISTORIC 1868 COBB AND CO. INN,Shire of Northern Grampians,A$111 / night
Sambar Studio Bed & Breakfast,Shire of Nillumbik,A$245 / night
Frog Hollow Eastern Banjo Daylesford,Mount Franklin,A$256 / night
Golden Place | Business Stay | Couples Getaway | WIFI,City of Greater Bendigo,A$264 / night
Country Style Art Deco Inspired 2 bedroom house with off street parking,Melbourne,A$234 / night
Blackwood Tiny Summar,Shire of Colac Otway,A$237 / night
Blue Cliffs Dusk Spa Villa,Mount Franklin,A$297 / night
"Kara's at Bungal..Romantic Getaway .. Sorry, unavailable for bookings",Shire of Moorabool,A$320 / night
ICON CENTRAL HALLS GAP,Halls Gap,A$650 / night
Lily's Farm Studio,Hepburn Shire,A$206 / night
The Snug Premium 1BR Self Contained Apartment,Shire of South Gippsland,A$157 / night
Perfect Cosy Retreat Cottage Russki Country Sauna & Spa Hut,Melbourne,A$197 / night
ACROSS THE ROAD FROM THE BEACH!,Inverloch,A$287 / night
GALBRAITH BEACH STUDIO 1,Marengo,A$326 / night
A Cozy CBD Home with Stunning Views,Melbourne,A$138 / night
Melbourne Villa,Heidelberg (Melbourne),A$223 / night
"Etna Cottage - lovely, private, corner spa bath",Melbourne,A$146 / night
Darling Suite in South Yarra,Melbourne,A$123 / night
The Michel-Roget French Deco Chic,Melbourne,A$398 / night
1 BR Grand Balcony Suite,Melbourne,A$161 / night
A Share-room Preston Melbourne,Melbourne,A$22 / night
Frogsong Cottage YELLOW,Goughs Bay,A$128 / night
Ardingly Tiny House S,Shire of Macedon Ranges,A$184 / night
Rockmans South Yarra is a Boutique style apartment,Melbourne,A$117 / night
Your own private space,Shire of Macedon Ranges,A$106 / night
St Kilda Rd apartment - light filled and lovely,Melbourne,A$169 / night
BHB Designer Collingwood Apartment*Free Wine*Netflix*Wifi,Melbourne,A$230 / night
"""Fitzroy St Studio 210"" - Pearl Apartments",Melbourne,A$128 / night
Sandringham - Resort Lifestyle,Melbourne,A$239 / night
one bedroom apartment with balcony,Melbourne,A$228 / night
"Chic warehouse apartment in hipster, foodie hub",Melbourne,A$208 / night
TREASURY on COLLINS Apartment Hotel in Melbourne CBD,Melbourne,A$378 / night
Wyndel Apartments - Riverside On Collins,Melbourne,A$112 / night
Woody lifestyle one bedroom apartment,Olinda (Victoria),A$205 / night
Comfy studio 4 mins walk to Clayton  train station/plenty shops restaurants etc.,Melbourne,A$75 / night
BHB Designer Collingwood,Melbourne,A$264 / night
‚òÖ A Stylish CBD Apartment with A Stunning View ‚òÖ,Melbourne,A$161 / night
A Stylish & Comfy CBD Studio Near Southern Cross,Melbourne,A$387 / night
"""Fawkner"" - Pearl Apartments",Melbourne,A$124 / night
Collins House ¬∑ Deluxe Collins St Apartment with City Views + Gym,Melbourne,A$181 / night
Wyndel Apartments - St Kilda Views One Bedroom apartment Balcony/Gym,Melbourne,A$205 / night
"""Botanical"" - Pear Apartments",Melbourne,A$124 / night
Fulton Lane ¬∑ Luxury Apartment with a View in the CBD,Melbourne,A$174 / night
Brentwood B&B Apartments - Garden View Apartment - Stunning setting for couples.,Healesville,A$248 / night
"Unlimited WiFi, View of the Casino and Yarra River",Melbourne,A$66 / night
Flinders Street Melbourne Apartments,Melbourne,A$81 / night
Modern 1 Bedroom Apartment in North Melbourne,Melbourne,A$204 / night
Treetops Tiny Summary,Shire of Mount Alexander,A$206 / night
"‚ô° Perfect Location, Spacious 2BR Apt Near Flinders Station",Melbourne,A$177 / night
EP4 - NEW SPACIOUS 1BR/1BTH - WIFI + NETFLIX!,Melbourne,A$180 / night
StayCentral on George,Melbourne,A$203 / night
U201 Brunswick Living Brand New Deluxe Balcony Upper Floor Apartment close to Airport and CBD,Melbourne,A$129 / night
A Bright & Modern CBD Apt Next to Southern Cross,Melbourne,A$407 / night
Ballarat Central Contemporary Apartments,Ballarat,A$210 / night
Stanbridge Cottage Daylesford,Daylesford,A$209 / night
CLOSE TO CENTRAL CITY OF BENDIGO,City of Greater Bendigo,A$177 / night
"Elegant 1 bed 1 bath apartment, free parking",Melbourne,A$180 / night
"The Sanctuary, perfect for holiday seekers, expats and professionals",Melbourne,A$243 / night
Spacious 2 Bedroom Inner City Townhouse with Private Rooftop,Melbourne,A$296 / night
Convenient City Apartment with Resort-style Extras,Melbourne,A$182 / night
Collins House ¬∑ New York style Collins St Apartment + Gym,Melbourne,A$181 / night
Spacious 1-BR CBD APT - BALCONY+NETFLIX!,Melbourne,A$167 / night
Mid term stay one bedroom apartment,Melbourne,A$169 / night
"A Modern Apt, 5-min Walk to Queen Victoria Market",Melbourne,A$161 / night
The Dairy - Perfectly positioned right in the heart of town located behind the majestic Green Gables,Castlemaine,A$214 / night
Domi Rentals - The Toorak Residence,Melbourne,A$174 / night
Sun Valley 1A Studio,Falls Creek,A$193 / night
New York Loft style apartment 4 km to CBD,Melbourne,A$309 / night
Executive Collins Street Apartments,Melbourne,A$199 / night
Little Lill's Cottage,Warburton,A$173 / night
Cozy Stay Cottage,Hepburn Shire,A$195 / night
Rendezvous Nexus Summ,Shire of Murrindindi,A$221 / night
Modern CBD Apartment - Free Secure Parking and Wifi,Melbourne,A$267 / night
Wyndel Apartments -Southbank Views One Bedroom executive Balcony/Pool,Melbourne,A$175 / night
Little‚òïItalia üçùlygon st 1 bed long stays Welcome,Melbourne,A$82 / night
"Two BR Apt - 889 Collins St Waterfront, Docklands",Melbourne,A$460 / night
Serenity 11 - Room 4,Shire of Cardinia,A$103 / night
North Melbourne Retreat,Melbourne,A$126 / night
Koovelly Garden Studio,Hepburn,A$215 / night
"Young St, Fitzroy, Luxico Group Pty Ltd",Melbourne,A$450 / night
Leighton Bay Walk,Metung,A$284 / night
Stylish One-Bed Apartment With Balcony and Parking,Melbourne,A$161 / night
"Luxuary NEW APT 2BRM 2BTH, WIFI, PARKING, walking distance to Melbourne CBD",Melbourne,A$194 / night
Elevated Plains Retreat 1,Mount Franklin,A$244 / night
Stylish Prahran loft - walk to Chapel St,Melbourne,A$193 / night
Springfield Cottage - quiet getaway,Shire of Macedon Ranges,A$379 / night
"Walk to cafe, park, perfect for a small family",Melbourne,A$356 / night
"Albert Park Lake and MSAC 2min Walk, Parking, Balcony, BBQ",Melbourne,A$261 / night
New York style light filled large 1 bedroom in iconic heritage building,Melbourne,A$204 / night
Self-isolate in country comfort,Ballarat,A$102 / night
Melbourne - sporting capital of the world - stay in the heart of the action - SY,Melbourne,A$156 / night
Brand new 2 BD UNIT IN DEER PARK VIC CLOSE TO DEER PARK TRAIN STATION- FWY- CITY,Melbourne,A$201 / night
Domi Rentals - The Carlisle Apartments,Melbourne,A$172 / night
PLUM TREE STUDIO - spa cabin,Skenes Creek,A$581 / night
"South Yarra Style, Location, Amenity",Melbourne,A$189 / night
STUNNING ART DECO EAST MELBOURNE APARTMENT WITH PRIVATE COURTYARD,Melbourne,A$339 / night
Artsy Apartment CBD City Views and Balcony,Melbourne,A$228 / night
Domi Rentals - The Brunswick Apartment,Melbourne,A$171 / night
A NY Style Loft in Melbourne CBD,Melbourne,A$399 / night
BOUTIQUE STAYS - Maybloom,Melbourne,A$244 / night
24 Hotham 1 Bed Apartment,Hotham Heights,A$268 / night
2 bedroom house at Woodside Beach,Shire of Wellington,A$331 / night
Domi Rentals - The Murra Apartments,Melbourne,A$123 / night
Location location location !,Ballarat,A$138 / night
"Apres Apartment, alpine-getaways",Harrietville,A$289 / night
Domi Rentals - The Celeste Apartments,Melbourne,A$173 / night
Domi Rentals - The Lea Apartment,Melbourne,A$171 / night
Mansi on Raymond Terrace Studio,Shire of Wellington,A$215 / night
"No Eye Deer Studio in CBD,FREE 5G WiFi Êàø‰∏úËØ¥ÊôÆÈÄöËØù,Âπø‰∏úËØù",Melbourne,A$244 / night
Unforgettable studio for family,Greater Geelong City,A$189 / night
Domi Rentals - The Carlisle Apartments,Melbourne,A$170 / night
Domi Rentals - The Carlisle Apartments,Melbourne,A$172 / night
Musical Village Retreat: A Taste Of London,Shire of Baw Baw,A$148 / night
Domi Rentals - The Carlisle Apartments,Melbourne,A$173 / night
Domi Rentals - The Carlisle Apartments,Melbourne,A$172 / night
"Village Apartment Yarraville -  Wifi, Foxtel, Secure parking",Melbourne,A$213 / night
Spacious Apartment in the Heart of Melbourne's CBD,Melbourne,A$219 / night
Urban Comfort 2 Bedroom Unit,Shire of Wellington,A$182 / night
Homely Getaways @ Queen Vic Market,Melbourne,A$156 / night
Come to Melbourne & Enjoy the Sporting Capital of Australia - 211,Melbourne,A$151 / night
Richmond Hill Townhouse,Melbourne,A$224 / night
"Walk to the MCG, The Tan, Botanic gardens & train",Melbourne,A$204 / night
"Little Charles, Fitzroy",Melbourne,A$497 / night
HazelStudio in Melbourne CBD,Melbourne,A$153 / night
"Penthouse 2-bed 1 bath, wifi,  Netflix, 1 car spaces",Melbourne,A$224 / night
"Character, comfort and convenience in Caulfield Nth",Melbourne,A$142 / night
Summer in Melbourne - Tennis - Beach - Cricket - Grand Prix - Concerts - G2,Melbourne,A$151 / night
Maddox ¬∑ MADDOX: 5min Walk to Train with Netflix & Parking,Melbourne,A$235 / night
Stunning Bright 1BRAPT@Hawthron/Glenferrie Station,Melbourne,A$168 / night
Funky Laneway Studio in the Heart of Melbourne! Cozy apartment in an great Location!,Melbourne,A$142 / night
SOUTH MELBOURNE - Unit 104,Melbourne,A$138 / night
"Clayton One Bedroom Stylish Apartment, FREE PARKING, WIFI & FOXTEL",Melbourne,A$183 / night
Cute cosy Gypsy Caravan with outdoor bath and firepit,Warburton,A$60 / night
3 Bedroom home in Heidelberg Heights,Melbourne,A$186 / night
Sick Of Hotel Rooms? Enjoy a Quiet Stay on a Luxury yacht,Melbourne,A$481 / night
Berrys Creek Tiny House,Shire of South Gippsland,A$195 / night
The Chook House Summa,Shire of Moira,A$206 / night
Stylish Melbourne CBD Lighthouse Apartment,Melbourne,A$159 / night
Short Stay 1 Bedroom Freshwater Place Luxury Apt,Melbourne,A$144 / night
Modern St Kilda East 1 Bedroom Apartment - Free parking,Melbourne,A$206 / night
Warm Nest Central Location@Collins,Melbourne,A$188 / night
Spacious Light Filled Apartment with City Views,Melbourne,A$162 / night
BOUTIQUE STAYS - Axel Apartments,Melbourne,A$248 / night
Designer 2 bdrms APT@Parkville„ÄåFree carpark+wifi„Äç,Melbourne,A$191 / night
Top of Toorak ‚Äì  Level 2,Melbourne,A$429 / night
Tram Stop 5 - 2 bedroom on Collin Street,Melbourne,A$186 / night
Ocean Views ‚òÜ Top Location ‚òÜ Parking ‚òÜ Restaurants,Melbourne,A$461 / night
Room in luxury house/Preston Central/near Preston market/25mins to CBD,Melbourne,"A$1,061 / night"
A Spacious & Modern Home Next to Southern Cross,Melbourne,A$427 / night
"Brand New Apartment With Balcony, Gym and Sauna",Melbourne,A$163 / night
MacRobertson Warehouse,Melbourne,A$497 / night
BOUTIQUE STAYS ‚Äì Vox Terrace,Melbourne,A$348 / night
Clean Modern Apartment 15 Mins From City on Tram,Melbourne,A$191 / night
Escape to the country - in the Dandenong Ranges.,Sassafras,A$300 / night
"Walk to cafe, wifi, fenced court yard, off street parking, linen supplied",Melbourne,A$330 / night
10A Brunswick Living Brand New Studio Unit- ground floor close to Airport & CBD,Melbourne,A$72 / night
Domi Rentals - The Fitzroy - Walk to the beach!,Melbourne,A$174 / night
South Yarra 1 BDR Apt near ChapelSt shops and Cafe,Melbourne,A$230 / night
In the heart of Melbourne City,Melbourne,A$193 / night
Modern 1 Bedroom Apartment South Yarra,Melbourne,A$237 / night
Absolute Collins 516: The Heart Of The CIty,Melbourne,A$215 / night
Beautifully renovated East Hawthorn apartment,Melbourne,A$166 / night
Modern Unit With Balconies Near Melbourne Airport,Melbourne,A$215 / night
A Modern & Central Apt with Beautiful City Views,Melbourne,A$161 / night
Private Italian Compound,Melbourne,A$130 / night
U101 Brand new balcony apartment close to Airport & CBD,Melbourne,A$117 / night
"""Rhapsody"" - Pearl Apartments",Melbourne,A$168 / night
Oliver Lane - Boutique Accommodation - CBD,Melbourne,A$169 / night
Elan Cottage with large corner spa,Melbourne,A$146 / night
Art Deco Inspired 2 bedroom House with off street Parking,Melbourne,A$216 / night
Mid Collingwood Charm,Melbourne,A$219 / night
EP5 - NEW SPACIOUS 1BR (TOP FLOOR) - WIFI+NETFLIX,Melbourne,A$171 / night
Lochiel Original Cottage (10 Persons Max),Melbourne,A$390 / night
Apartment,Melbourne,A$175 / night
Apartment 60m¬≤,Melbourne,A$220 / night
2 Bedroom  Apartment in West Melbourne 10 min walk to CBD,Melbourne,A$224 / night
Stylish Luxury Apartment with Fabulous Views,Melbourne,A$178 / night
Dylene Caravan Park - Family Cabin - No AirCon BYO Linen,Portarlington,A$215 / night
Whitehorse Apartments Hotel,Melbourne,A$170 / night
StayCentral Merigold on Collins,Melbourne,A$183 / night
Designer 2BR with Carpark Monash Uni@Caulfield,Melbourne,A$215 / night
403/64 Macaulay St  ¬∑ TRANQUIL & MODERN 2 BED INNER NORTH APARTMENT,Melbourne,A$295 / night
THE WHITE ROOM Fitzroy,Melbourne,A$243 / night
TOP OF TOORAK ‚Äì Views from the Ground,Melbourne,A$429 / night
"CBD, Collins St 2 bed, near Southern Cross with Gym, Pool & Spa",Melbourne,A$176 / night
Stunning Studio Apt in Seddon,Melbourne,A$135 / night
2 Bed 2 bath @ Eureka Tower,Melbourne,A$260 / night
Arrow on Swanston apartment with a little English flare,Melbourne,A$87 / night
2 BR Modern Melbourne CBD Apartment,Melbourne,A$163 / night
Stunning 2 bdrms  APT@Parkville„ÄåFree carpark+wifi„Äç,Melbourne,A$189 / night
Elegant 2BDR apartment near by Westfield,Melbourne,A$299 / night
Modern Apartment With Balcony Near Kings Domain,Melbourne,A$128 / night
The Flamingo Cottage,Shire of Cardinia,A$177 / night
Owen ¬∑ 'Owen' Soaring City Views | Central Location,Melbourne,A$436 / night
Pure Beachfront Bliss,Melbourne,A$195 / night
Quiet Lake House In Winery,Shire of Murrindindi,A$206 / night
Absolute Melbourne Central,Melbourne,A$164 / night
Spacious CBD Apartment in the Heart of Melbourne,Melbourne,A$222 / night
"GIRLS ONLY. Large bedroom with KING bed, close to everything",Melbourne,A$70 / night
Bright Modern Apartment w Parking and Gym Near CBD,Melbourne,A$216 / night
Musical Village Retreat : Paris Love Nest For Two,Shire of Baw Baw,A$122 / night
Lynwood Rural Retreat with beautiful gardens & farm animals,Melbourne,A$294 / night
"Spacious homely city apartment, near river walks",Melbourne,A$162 / night
Comfy one-bedroom unit between city and airport,Melbourne,A$131 / night
Richmond Warehouse Wonder,Melbourne,A$200 / night
Brand new 2-bedroom apartment with panoramic view of Melbourne for Share,Melbourne,A$126 / night
BUNJIL RETREAT - in the hills overlooking the sea,Skenes Creek,A$718 / night
Yarra River Views & City Lights - Free Wifi & Netflix,Melbourne,A$164 / night
Cosy 1 Bed City Apt Near SouthernCross FREE WIFI,Melbourne,A$169 / night
luxury & comfort and safety: close to all with secure car park Bundoora,Melbourne,A$156 / night
8/12 Vine Street - 2 Bedroom Apartment,Melbourne,A$136 / night
Chum Creek  Loft Hut - With Japanese Soaking Tub,Shire of Yarra Ranges,A$416 / night
Dower House Bacchus Marsh,Shire of Moorabool,A$607 / night
The lively City 2bed 2 bath APT @Footscray,Melbourne,A$258 / night
City Heights and Views,Melbourne,A$299 / night
1BR City Apt close to Hardware Ln (FREE PARKING),Melbourne,A$266 / night
Annie's Escape in Warburton,Warburton,A$237 / night
"""Vista"" - Pearl Apartments St Kilda",Melbourne,A$157 / night
The Caulfield,Melbourne,A$209 / night
Cozy Motel Room near Murray,Shire of Moira,A$125 / night
[Modern City] Comfy and warm Apt@Parkville+Carpark,Melbourne,A$190 / night
Take a step back in time,Shire of Macedon Ranges,A$130 / night
Hawthorn elegant lifestyle 1 bedroom apartment,Melbourne,A$197 / night
[Grey Style] Simple and Cozy Apt@Parkville+Carpark,Melbourne,A$190 / night
Peaceful studio sanctuary in Coburg,Melbourne,A$122 / night
"Brumby Townhouse, Dinner Plain",Dinner Plain,A$162 / night
Absolute Lakeside Self-Contained Luxury Apartment,Daylesford,A$364 / night
Charming 1 Bedroom Apartment in Leafy Green Hawthorn,Melbourne,A$187 / night
Circa Red London Daylesford ~ TOWN CENTRE,Daylesford,A$257 / night
Clean + Bright Apartment in the Heart of the City,Melbourne,A$184 / night
Short Stay Freshwater Place 1 Bedroom + Balcony,Melbourne,A$165 / night
Relaxing 2BDR apartment across Doncaster Westfield,Melbourne,A$268 / night
Madam Saddler A Gorgeous Accommodation In Clunes.,Hepburn Shire,A$287 / night
Stylish 2-Bed Apartment with Parking in Hip Area,Melbourne,A$178 / night
BOUTIQUE STAYS ‚Äì Vox Vibe,Melbourne,A$259 / night
"LuxuryBrandNew3Bedroom:HotTub,Pool,BarWiFi&CarPark",Melbourne,A$306 / night
Newport Leadlight Haven,Melbourne,A$154 / night
Charming 1 Bedroom In Vibrant South Yarra,Melbourne,A$145 / night
"A private, new, luxurious ground floor apartment",Woodend,A$271 / night
Scandi Stayz Retreat 1,Tawonga South,A$206 / night
"""ABODE 316"" NEW boutique 2 Bedroom, 2 Bathroom",Melbourne,A$424 / night
Docklands Style Apartment with 2 Bedroom 1008N,Melbourne,A$304 / night
Trendy 1 Bedroom Apartment In The Heart Of Collingwood,Melbourne,A$210 / night
Family-friendly Apartment in Green Glen Iris,Melbourne,A$184 / night
LITTLE ABODE ON ADENEY FREE WIFI PET FRIENDLY,Melbourne,A$209 / night
A studio apartment in Melbourne CBD with a little touch of English flare,Melbourne,A$85 / night
ASHLAR @ Manna Gums - Romantic/Fire/Spa Escape - Daylesford,Daylesford,A$251 / night
ormond stunner-- the heart of southeast melbourne,Melbourne,A$111 / night
Apartments Of Waverley - 1 Bed Apartment Free Wifi & Parking,Melbourne,A$204 / night
Hilltop Tiny House Su,Shire of Mitchell,A$127 / night
"Penthouse 2-bedrooms, 2 bathrooms, 2 car spaces, wifi, pool, gym, spa, sauna,",Melbourne,A$265 / night
Private immaculate room in lovely Essendon home,Melbourne,A$41 / night
"Elegant and modern studio apartment close to St Kilda beach with WIFI, parking",Melbourne,A$177 / night
Shadow Play@Lv36/2BR near Crown with Ocean View,Melbourne,A$318 / night
"Quiet haven, lively precinct",Melbourne,A$219 / night
Elsinore Ballarat - self contained apartment,Ballarat,A$199 / night
Retro mid century home in historic gold-fields township.,Maldon (Victoria),A$167 / night
"Deluxe Apartment in Ringwood, Victoria.",Melbourne,A$205 / night
A Cozy Apartment Next to Crown Casino,Melbourne,A$161 / night
"""Abbey Road"" - Pearl Apartments",Melbourne,A$139 / night
Rest Haven,Shire of South Gippsland,A$160 / night
City View South Yarra Apart*CarPark*Netflix*Wine,Melbourne,A$201 / night
Sorella Grande - The Pole House Big Sister,Fairhaven (Victoria),"A$2,301 / night"
Great Southbank apartment with stunning view,Melbourne,A$161 / night
"Ground Floor Apartment with Courtyard, WiFi and Off Street Parking",Melbourne,A$113 / night
"""Great location in the CBD""",Melbourne,A$157 / night
Richmond Apartment with Parking - Walk to MCG,Melbourne,A$133 / night
One bedroom unit in Camberwell. Off street parking.,Melbourne,A$185 / night
SuperbTwo Bedroom2 bathroom apartment opposite the Racecourse (unit8),Shire of Yarra Ranges,A$221 / night
The Nook Studio Apartment,Melbourne,A$158 / night
1200 Gor - Perched high above the endless expanse of the Pacific Ocean,Lorne,"A$5,533 / night"
Sapphire 1BR Apt + Free Wifi - Centrally Located in CBD Melbourne,Melbourne,A$323 / night
Lakeside Villas Nagambie,Nagambie,A$296 / night
Perfect location 2 Bdrs apartment@Glen Waverley,Melbourne,A$240 / night
Ballarat Escape - Fernleigh House,Ballarat,A$206 / night
ouble Room with Private Bathroom and Kitchenette near Murray River,Shire of Moira,A$83 / night
"""Great location opposite southern cross station""",Melbourne,A$117 / night
villa 2 fully self contained,Golden Beach (Victoria),A$177 / night
Brand New Luxury Studio Apartment on Gregory Street,Ballarat,A$125 / night
Manhattan ¬∑ Unique CBD Apartment with Gym + Pool,Melbourne,A$199 / night
Centre of Collingwood Gem,Melbourne,A$197 / night
Stylish Southbank Apartment,Melbourne,A$206 / night
"Comfortable, clean and charming St Kilda studio with Wifi and bikes",Melbourne,A$132 / night
Executive 2 Bed / 1 Bath with Balcony Freshwater Place,Melbourne,A$494 / night
Fully Furnished 1 bedroom Apt 1312/250 Elizabeth St CBD,Melbourne,A$150 / night
"Lavender Suite at Sage Cottage, The Oaks, Lilydale",Melbourne,A$191 / night
Perfectly located in the heart of the Melbourne CBD,Melbourne,A$240 / night
CBD fringe Apartment,Melbourne,A$207 / night
Shocko 1 - Boutique Accommodation - CBD,Melbourne,A$226 / night
JOLI Opposite MCG & Botanical Gardens,Melbourne,A$196 / night
Ultra-Modern Luxury With Views At Kai Waterfront,Melbourne,A$188 / night
Stone's Throw Cottage B&B Belgrave,Melbourne,A$219 / night
City Apartment with River View,Melbourne,A$185 / night
BOUTIQUE STAYS ‚Äì The Residence,Melbourne,A$570 / night
Central Melbourne CBD Apartment with Gym and Pool,Melbourne,A$152 / night
2 Bedroom deluxe apt 233 Collins st with balcony,Melbourne,A$271 / night
DeeeLuxe - soo.. sophisticated,Melbourne,A$193 / night
Deluxe Modern New Apartment@Melbourne New Landmark,Melbourne,A$279 / night
"""Claremont"" - Pearl Apartments",Melbourne,A$139 / night
"City Edge Apartment, Spacious Terrace, Views to Melbourne City",Melbourne,A$213 / night
Studio apartment in desirable tree lined locale. Walk to Hospital & town,Bendigo,A$117 / night
Artistic Apartment in Sunny Elwood near St Kilda,Melbourne,A$211 / night
"Mt Buller Prime Location, Ski in Ski Out",Mt Buller,A$535 / night
Studio Apartment | Ideal for couples and individuals,Ballarat,A$113 / night
CONVENIENT & MODERN 1 BED APARTMENT DOCKLANDS,Melbourne,A$345 / night
A Serene & Cozy CBD Suite near Southern Cross,Melbourne,A$579 / night
"Bradman ¬∑ ""Bradman"" Modern Style a Walk to MCG, Swan St, CBD",Melbourne,A$458 / night
One bedroom in Neo with city balcony!,Melbourne,A$138 / night
"The Barkly, on the fringe of Melbourne",Melbourne,A$202 / night
Geilo Snow Holiday Unit,Falls Creek,A$330 / night
Mansi on Raymond 2 Bedroom Townhouse,Shire of Wellington,A$338 / night
Homely Albert Park Suite Next to Grand Prix Circuit,Melbourne,A$406 / night
Peaceful & Cosy home in werribee  south.,Victoria,A$85 / night
Stay in the heart of the action,Melbourne,A$217 / night
Fantastic 2 Bedroom Apartment In Melbourne's Southbank,Melbourne,A$199 / night
Stylist 1bed1bath apartment@west melbourne,Melbourne,A$188 / night
By George! Super cool  St Kilda loft,Melbourne,A$168 / night
Stylish & Sunny with house like proportions,Melbourne,A$183 / night
Collins Street ‚Äì Central CBD - Linens included,Melbourne,A$99 / night
Peel Cottage Bed & Breakfast,Ballarat,A$165 / night
Daysend Cottages - Merrijig,Merrijig,A$378 / night
A Modern & Cozy Suite with Beautiful City Views,Melbourne,A$587 / night
Comfortable and quiet in fantastic location and easy walk to beach and shops.,Melbourne,A$119 / night
Melbourne short stay- Burwood Deakin UniÂ¢®Â∞îÊú¨Ê∞ëÂÆø-Ëø™ËÇØÂ§ßÂ≠¶Burwood,Melbourne,A$61 / night
"Central, Clean and Convenient Unlimited WiFi",Melbourne,A$55 / night
Modern And Trendy 2 Bedroom Apartment In Lovely Southbank,Melbourne,A$294 / night
Modern 2 bed apartment in trendy Collingwood,Melbourne,A$233 / night
Relax in a clean and modern studio in the heart of St Kilda,Melbourne,A$176 / night
"Albert Park: close to everything, yet quiet and relaxing",Melbourne,A$127 / night
"master bedroom with ensuite in frankston walk to cbd, updated bathroom & kitchen",Frankston,A$121 / night
The Andre Jnr - The Quintessential Loft Apartment,Melbourne,A$398 / night
Santa Monica Lodge Apartments,Melbourne,A$199 / night
For the discerning traveller who appreciates the best quality and style!,Melbourne,A$267 / night
"Sanctuary ¬∑ ""Sanctuary"" Resort-Style on the Banks of the Yarra",Melbourne,A$259 / night
Views and hotel-style extras in a great location,Melbourne,A$187 / night
Chestnut Daylesford Centrally Located,Daylesford,A$328 / night
"The Harry, Saint Kilda",Melbourne,A$732 / night
The Eyrie at elevation652 at Mt Bellevue,Rural City of Wangaratta,A$307 / night
Apartments Of Waverley - 2 Bedroom,Melbourne,A$261 / night
Holiday/Busniess tripÂÆ∂Â∫≠ÊóÖË°åÊàñÂïÜÂä°Âá∫Â∑ÆÁöÑËàíÈÄÇÊï¥Â•óÂÖ¨ÂØìentire APT Free wifi and parking,Melbourne,A$136 / night
Loft Apartment Bond Quarter,Melbourne,A$233 / night
"Superb St Kilda Location, 2BR Renovated Art Deco, Family-Friendly, Quiet Street",Melbourne,A$280 / night
City apartment in the heart of the city at an affordable price,Melbourne,A$98 / night
Apartment 45m¬≤,Melbourne,A$153 / night
Docklands 1201p 2bed 1bath Water View,Melbourne,A$304 / night
Quiet and private spacious 1 bedroom in prestigious Hawthorn street,Melbourne,A$114 / night
Saint Inez ~ Beautiful Cottage ~ Daylesford/Hepburn Springs,Daylesford,A$383 / night
Frogsong Strawbale Cottage BLUE ID p7318970,Goughs Bay,A$119 / night
Prom Mill Cottages - Darby. Only 3 mins to the Prom gate.,Yanakie,A$293 / night
"Delicious food, we are the perfect choice",Melbourne,"A$1,133 / night"
Country Escape in Metcalfe,Shire of Mount Alexander,"A$1,057 / night"
Cute Cosy Comfortable Apartment,Melbourne,A$131 / night
"‚òÜ Balcony Retreat w/50"" TV & Netflix! ‚òÜ",Melbourne,A$291 / night
Sleek City Haven With Pool and Gym access,Melbourne,A$127 / night
Penthouse in Northcote,Melbourne,A$203 / night
M-City 2BR/2BR Self Service Apartment,Melbourne,A$171 / night
Vintage Heaven - located at Healesville,Healesville,A$210 / night
The Sophia - A Class of Its Own,Melbourne,A$847 / night
Modern 1-BR Apartment + Seaview!,Melbourne,A$157 / night
Alpino Apartments Marysville,Marysville (Victoria),A$276 / night
2 Bedroom Unit Opposite Beautiful Lake Weeroona,Bendigo,A$176 / night
"""Cenotaph"" - Pearl Apartments",Melbourne,A$146 / night
Balwyn Views Apartments,Melbourne,A$189 / night
Two Bedroom Apartment Olinda - B2,Melbourne,A$264 / night
Village BELLE Stunning home in Yarraville Village,Melbourne,A$282 / night
"""206 Studio on Acland"" - Pearl Apartments",Melbourne,A$135 / night
"Stylishly appointed, Family, Executives, Parking, Cafes 350m, Public Transport",Melbourne,A$305 / night
Petite and Sweet Pad close to St Kilda Beach,Melbourne,A$129 / night
"""Luna Suite"" - Pearl Apartments",Melbourne,A$159 / night
"Very Clean Private Room, Apartment shared with owner, Grand Prix Track, Beach",Melbourne,A$146 / night
Cosy Modern Apartment With Leafy Courtyard,Melbourne,A$144 / night
Chic CBD Studio in Heritage House with Pool and BBQ,Melbourne,A$144 / night
Homewood Apartment-Self contained apartment,City of Greater Shepparton,A$102 / night
"""Serendipity"" ‚Äì Pearl Apartments",Melbourne,A$124 / night
CONVENIENCE in Melbourne CBD 1BR Apt + FREE WIFI,Melbourne,A$257 / night
"Bright and Cosy Apartment with Terrific View, Cbd",Melbourne,A$184 / night
Nelse Lodge,Falls Creek,A$190 / night
Camberwell Serviced Apartments,Melbourne,A$231 / night
"Long Stay Discount, Parking, Degraves St, Corporates, Families,Couples, Shopping",Melbourne,A$342 / night
Waterfront 2 Bedroom - Freshwater Place,Melbourne,A$389 / night
Bright and clean studio apartment in St Kilda with WIFI,Melbourne,A$148 / night
Comfort Zone in Melbourne City 10,Melbourne,A$141 / night
Stylish 2-bed 2 bath with free parking+pool+gym+wifi,Melbourne,A$251 / night
The Icart - Sophistication at its Best,Melbourne,A$547 / night
"Light, airey 2 storey 2 deck penthouse in Collingwood nr cafes restaurants trams",Melbourne,A$345 / night
"StayCentral - CBD Little Paris, cafes shops trams",Melbourne,A$289 / night
Forget Me Not Moonlight Blue Miners' Cottage Daylesford,Daylesford,A$181 / night
Upper West Side - Madison,Melbourne,A$271 / night
Apartments @ Port of Sale 2 bedrooms,Shire of Wellington,A$210 / night
Central & Stylish - Quiet & Comfortable,Melbourne,A$169 / night
Elegant 2BR@Footscray Station,Melbourne,A$216 / night
"""Studio 306"" ‚Äì Pearl Apartments",Melbourne,A$165 / night
Bungunyah Apartments: Margriet,Melbourne,A$200 / night
PERFECT High country retreat for TWO!,Dinner Plain,A$458 / night
"A destination for lovers of art, architecture and romance!",Bright VIC,A$665 / night
Retro styled 1 bedroom.,Daylesford,A$251 / night
Melbourne Chinatown 2 bedrooms APARTMENTs,Melbourne,A$237 / night
"Stylish, 2 bedroom Victorian terrace, 1860's old charm & modern renovation!",Melbourne,A$431 / night
Private *5* Star Apartment in heart of Melbourne,Melbourne,A$268 / night
Charming Double Storey Apartment in the heart of Brunswick,Melbourne,A$215 / night
2 BR Urban Apartment Melbourne CBD,Melbourne,A$182 / night
StayCentral in Brunswick & Parkville 2Br near cafes restaurants shops bars trams,Melbourne,A$278 / night
Modern and Luxurious 2 Bed 2 Bath Apartment,Melbourne,A$227 / night
Surrey | Family Home,City of Greater Bendigo,A$177 / night
"A's Funky Retro Wonderland - Prime Location in Thornbury, close to everything!",Melbourne,A$213 / night
Luxurious Living with Unbeatable Views,Melbourne,A$209 / night
Modern Edwardian 2 bedroom beach house inquiet tree lined street 2 mins to beach,Melbourne,A$461 / night
The Hive Graffiti Apartments,Melbourne,A$169 / night
Bungunyah Apartments: Kaori,Melbourne,A$209 / night
Brand New APT with Sea Views in Heart of St Kilda,Melbourne,A$207 / night
Modern Apartment - Southbank,Melbourne,A$285 / night
Wheelchair Accessible 1 Bedroom Apartment,Melbourne,A$162 / night
Domi Rentals - The Hawthorn Residence,Melbourne,A$222 / night
One Bedroom with Water View/Free park,Melbourne,A$221 / night
"Atelier Apartment - Easy Walk to MCG, Rod Laver, Melbourne Park and the City",Melbourne,A$226 / night
Blue Rosella on Piper,Kyneton,A$276 / night
"Modern, Spacious Apartment in an Amazing Location",Melbourne,A$170 / night
Great view of Sunset South Yarra on 21st floor,Melbourne,A$516 / night
Modern 1 Bedroom Apartment in Richmond,Melbourne,A$179 / night
MAGPIE NEST - All you need for a comfortable getaway,Marysville (Victoria),A$286 / night
Luxury Art Deco Lifestyle,Melbourne,A$235 / night
Beachfront Apartment Elwood,Melbourne,A$182 / night
StayCentral on Northcote Hill views shops trams,Melbourne,A$327 / night
Bayside Luxe Sandringham 2 Bedroom Apartment,Melbourne,A$205 / night
A Modern 2BR Apt Near Federation Square,Melbourne,A$177 / night
City living & immaculate spacious in Southbank,Melbourne,A$285 / night
'Bogong' a romantic chalet for couples,Dinner Plain,A$455 / night
Collingwood Central Seven,Melbourne,A$468 / night
"""Sea Breeze"" - Pearl Apartments St Kilda",Melbourne,A$102 / night
DesignLife :Spacious Design Location,Melbourne,A$220 / night
Cozy APT Opposite Southern Cross station,Melbourne,A$258 / night
"Scarlett ¬∑ Docklands Delight | Balcony, Gym & Pool",Melbourne,A$211 / night
Mansi on Raymond Accessible Room,Shire of Wellington,A$199 / night
Family Friendly: Feed your soul : Cosy and warm.,Shire of Moorabool,A$123 / night
Hawthorn East 2 Bedroom Apt Wifi Netflix Parking quiet,Melbourne,A$120 / night
Light-Filled Beachside Apartment in Trendy Area,Melbourne,A$155 / night
"StayCentral on Little Collins, 2 bdrm CBD shops",Melbourne,A$555 / night
"8 minutes Walk to clayton train station, close to monash medical center.",Melbourne,A$180 / night
Briar Hill Accommodation,Melbourne,A$149 / night
BOUTIQUE STAYS ‚Äì Ace's Place - perfectly located near Chapel and Swan streets,Melbourne,A$214 / night
Funky loft Apartment in Melbourne on Spencer st close to everything melbourne has to offer!,Melbourne,A$153 / night
Kiss me by the City-quiet & pretty inner city retreat to unwind & rejuvenate,Melbourne,A$331 / night
The Residence - Domain,Melbourne,A$460 / night
Mansi on Raymond Villa Studio,Shire of Wellington,A$199 / night
Whole Apartment right in the heart of Melbourne,Melbourne,A$233 / night
‚ô¶ A Central & Cozy 2BR Apt Near Federation Square,Melbourne,A$177 / night
Cozy 1 BR Apartment / Free car parking,Melbourne,A$193 / night
"Delightful, Cozy & Modern House",Melbourne,A$159 / night
Exclusive Stays - Freshwater III,Melbourne,A$496 / night
Primrose Apartment Glen Waverley,Melbourne,A$221 / night
Cardigan Relaxing 2Bed2Bath Apt with Free Wifi,Melbourne,A$296 / night
Sophisticated Luxury in the Heart of Melbourne CBD,Melbourne,A$231 / night
Blackburn Holiday Apartment 5,Melbourne,A$136 / night
Serena Cottages 361 reids way,Shire of Indigo,A$165 / night
Modern Two Bedroom Apartment in Melbourne CBD,Melbourne,A$217 / night
This quirky semi detached Edwardian is centrally located. Great for a city fix.,Melbourne,A$283 / night
Bright Apartment with City Views in Trendy Locale,Melbourne,A$169 / night
Peaceful Designer 2BR@Leafy Mill Park,Melbourne,A$200 / night
One-bed Apartment with Balcony and Luna Park Views,Melbourne,A$136 / night
Exquisite 2BR apartment M-city with Free parking,Melbourne,A$187 / night
Sublime Southbank - Incredible Views and Location,Melbourne,A$381 / night
Cozy APT Seaview Next to Southern Cross/Pool/Gym,Melbourne,A$215 / night
"The Franklin, Saint Kilda",Melbourne,A$518 / night
CORONET CASTLE PET FRIENDLY,Coronet Bay,A$391 / night
Avant ¬∑ Sleek CBD Apartment with Skyline Views,Melbourne,A$182 / night
4-Poster Bed Room in Mountain Cottage,Warburton,A$56 / night
Spacious apartment within minutes of Acland Street,Melbourne,A$168 / night
Airport West Stunner,Melbourne,A$430 / night
"Charan Lane, Comfortable Townhouse in Heritage Inner Suburb Location",Melbourne,A$309 / night
"Boutique Stays - Victorian Vogue, Richmond House",Melbourne,A$636 / night
Bungunyah Apartments: Waratah,Melbourne,A$209 / night
"Iconic 2B2B Apt near Queensberry Stop, FREE WIFI",Melbourne,A$353 / night
St Kilda  Home away from Home 2BR,Melbourne,A$163 / night
Small property close to Venus Bay shops and Beach one.,Venus Bay,"A$1,547 / night"
Architecturally Designed 2 Bedroom Apartment,Melbourne,A$354 / night
Stunning Southbank Corner Apartment 20th floor,Melbourne,A$504 / night
Clarendon Towers - 2 bedroom apartment,Melbourne,A$315 / night
Seaside Melbourne accommodation,Melbourne,A$132 / night
St Kilda Rd LVL4  2BDR2BATHR  WIFI  Albert Park,Melbourne,A$354 / night
TOP DECK APARTMENT - PORTSEA,Melbourne,A$379 / night
Merrimont Downs - Country Escape - set on magnificent acreage property,Merrijig,A$497 / night
Delightful 2BR Riverview@Docklands,Melbourne,A$210 / night
Modern 1 Bedroom Apartment In Tranquil Parklands,Melbourne,A$149 / night
"Top Floor, 2 Beds & 2 Baths Wifi, Parking, Netflix",Melbourne,A$354 / night
DeBeers Townhouses Bendigo,Bendigo,A$188 / night
Iconic   Eureka Tower,Melbourne,A$454 / night
"Modern & Stylish Apartment in the heart of Melbourne| Pool, Gym, Sauna",Melbourne,A$167 / night
3 bedroom self-contained family getaway in natural bush setting,Ballarat,A$256 / night
Self contained two-bedroom unit in a bush garden setting,Melbourne,A$195 / night
Southbank Luxury apartment in Central of CBD,Melbourne,A$915 / night
The Chapel at FLORES,Daylesford,A$354 / night
Perfect Location - 2 Bedroom Modern Unit,Bendigo,A$160 / night
Exclusive Stays - Sentinel II,Melbourne,A$608 / night
"Close to Everything, Entire St Kilda Queen Bed Apartment",Melbourne,A$130 / night
"Habour views, Lovely 2BRs, free tram zone,",Melbourne,A$213 / night
"Snow Gums 3, alpine-getaways",Dinner Plain,A$705 / night
"1br - 377m2 - ""Beach House"" -  (Victoria)",Melbourne,A$364 / night
Bungunyah Apartments: Maasai,Melbourne,A$209 / night
"A Modern 2BR Apt, 5-min Walk to Melbourne Central",Melbourne,A$177 / night
"Courtyard Cottage - charming, heritage, self-contained hideaway",Healesville,A$412 / night
Bright St Kilda Apartment in Perfect Location!!,Melbourne,A$149 / night
Bank Place Luxury & City Lights,Melbourne,A$386 / night
"Les Chalets 14 - Ski in, Ski out",Falls Creek,A$236 / night
Melbourne Airport - 1 bedroom Apartment,Melbourne,A$117 / night
Luxury Holiday Home with Pool - Illawarra,Melbourne,A$881 / night
Beautiful place with amazing city and river views,Melbourne,A$178 / night
Betty's Place - Accommodation in Heyfield,Shire of Wellington,A$171 / night
Heatherlie Cottages Halls Gap,Halls Gap,A$179 / night
Private suite with garden and river views,Melbourne,A$117 / night
Contemporary Luxury With Views At Maya Waterfront,Melbourne,A$236 / night
Amazing 3 Bedroom Apartment in Melbourne Central CBD!,Melbourne,A$271 / night
Pride Fawkner Apt Bay-view 4 Free PARKING+POOL PaperRolls HandWash * Mask,Melbourne,A$232 / night
"LOCATION, LOCATION!!! Just across Wydham Club (Ramada) steps to everything!",Dinner Plain,A$407 / night
Melbourne Soul 108 sleeps 2-6,Melbourne,A$187 / night
Fully furnished serviced apartment close to everything you need!!!,Melbourne,A$303 / night
Well appointed apartment with its own loft close to beaches and city.,Melbourne,A$271 / night
Modern 1 Bedroom Apartment With Rooftop Terrace And Spa,Melbourne,A$181 / night
1 BEDROOM APARTMENT WITH SWEEPING BAY VIEWS,Melbourne,A$792 / night
"Degraves St, Parking, 4th floor, Lift, WiFi, 100m Fed Square, Kitchen, Sunfilled",Melbourne,A$342 / night
"Stunning 2 Bed 2 Bath Apartment at St Kilda, Free WiFi, Carpark",Melbourne,A$171 / night
B&B on Piper - Beautiful Cottage Accommodation,Kyneton,A$265 / night
Cheerful 2Bd Apartment 15min from CBD,Melbourne,A$147 / night
"Kalamunda 2 - Bright, VIC",Bright VIC,A$172 / night
Plough Cottage Country getaway,Howqua Inlet,A$287 / night
"Comfy 2BR Suite Near Flemington Races, FREE Parking",Melbourne,A$471 / night
Bayside Bounce! - Sunfilled family house,Melbourne,A$444 / night
Lovely Classic Apartment Steps From Beach,Melbourne,A$175 / night
Willowbank at Taggerty,Shire of Murrindindi,A$309 / night
House on the Red Hill,Red Hill South,A$774 / night
SUBLIME LUXURY IN THE HEART OF SORRENTO,Sorrento (Victoria),"A$3,777 / night"
RACV Cape Schanck Resort,Cape Schanck,A$654 / night
Melbourne River Views,Melbourne,A$330 / night
Toolebewong Farm Cottage,Shire of Yarra Ranges,A$182 / night
"Corporate & family friendly, newly renovated, close to shops/eateries, free wifi",Mildura VIC,A$174 / night
Somerset Residential Apartment,Melbourne,A$154 / night
Enjoy Bayside Life At Stylish Studio Close To City,Melbourne,A$153 / night
"27 Little Collins St, Melbourne 1 Bedroom",Melbourne,A$192 / night
"Comfy Quite 4BR Family House,1 min to Shopping Centre,Tarneit,MelbourneÁã¨Ê†ãÂà´Â¢Ö",Victoria,A$170 / night
Dawn's Retreat near the Murray,Shire of Indigo,A$131 / night
Domi Rentals - Three Bedroom Townhouse,Melbourne,A$252 / night
"Quiet and comfortable townhouse - walk to river, tram and Highpoint Shopping",Melbourne,A$158 / night
Superb Inner City 2 story Terrace House with Pool.,Melbourne,A$711 / night
Domi Rentals - The Skywalker,Melbourne,A$222 / night
Enjoy Walking To The Beach From Bright Apartment,Melbourne,A$228 / night
Modern 2-Bedroom @ Southbank & Crown Casino *FREE PARKING + WIFI*,Melbourne,A$214 / night
"Stunning, Central Huge CBD Pad, free WiFi, Netflix",Melbourne,A$297 / night
Domi Rentals - The Hampton Homes,Melbourne,A$221 / night
Fergusson Homestead,Shire of Yarra Ranges,A$429 / night
Vaughan St Guest House Shepparton - Central location long term stay reduced rate,Shepparton,A$165 / night
"East Doncaster at Tunstall, Full Kitchen close to Tunstall Square Shops",Melbourne,A$163 / night
"Stunning 2 Bed 2 Bath Apartment at St Kilda,
Free WiFi, Carpark + Gym!",Melbourne,A$177 / night
Brand New Beachside Studio Apartment,Melbourne,A$153 / night
Romantic Getaway with Spa and Gardens,Sassafras,A$307 / night
"2BR Suites on Bourke, Perfect Location, Views",Melbourne,A$177 / night
"Little Bourke Hotel Apartment(s), 2-bedroom",Melbourne,A$249 / night
Walk to Elwood beach and village,Melbourne,A$176 / night
EAST MELBOURNE TERRACE,Melbourne,A$747 / night
Blackburn Holiday Apartment 4,Melbourne,A$115 / night
"""Retreat & Relax @ 128""- Mildura Holiday & Corporate Accommodation",Mildura VIC,A$240 / night
Tullaburra Farm Stay and Horse agistment,Shire of Moorabool,A$150 / night
CHIC APARTMENT- CLOSE TO BEACH,Melbourne,A$161 / night
Ravenswood-an iconic Drouin property,Shire of Baw Baw,A$179 / night
Princes off Chapel in Prahran 2BR with CBD Views,Melbourne,A$180 / night
Mountain views,Dunkeld,A$200 / night
Luxury Beach holiday,Melbourne,A$947 / night
Green with Envy SC 1B Chic Apartment  FREE WIFI,Melbourne,A$236 / night
BOUTIQUE STAYS ‚Äì Central Park,Melbourne,A$633 / night
Domi Rentals - The Bond Residences,Melbourne,A$224 / night
Luxury Apt in Southbank,Melbourne,A$300 / night
Domi Rentals - The Carlisle Apartments,Melbourne,A$207 / night
50th Floor sub penthouse in front of Casino!,Melbourne,A$756 / night
Scandi Stayz Retreat 3,Tawonga South,A$210 / night
Big and Bright in the heart of St Kilda,Melbourne,A$234 / night
"Luxury 2BR Apt with Yarra River View, Free Parking",Melbourne,A$286 / night
StayCentral - NGV Arts Centre Retreat 2 Br 2 Ba,Melbourne,A$334 / night
Domi Rentals - The Wilgah Hideaway,Melbourne,A$208 / night
Domi Rentals - The Brunswick Place,Melbourne,A$216 / night
Malvern 3 Bedroom Home,Melbourne,A$549 / night
Albert Park Lakeside Apt Free Parking+Pocket WIFI +Pool/Gym+Smart TV * Mask,Melbourne,A$202 / night
One Fine Day We Shall See,Melbourne,A$243 / night
Melbourne Star - central city location - sleeps 5,Melbourne,A$273 / night
Domi Rentals - The Cantala Apartment,Melbourne,A$207 / night
Domi Rentals - Huge Malvern Rd Penthouse and View,Melbourne,A$214 / night
5 acre country retreat,Arthurs Seat,A$772 / night
"Marine Sanctuary, Elwood",Melbourne,A$746 / night
"""Carlisle"" - Pearl Apartments St Kilda",Melbourne,A$201 / night
"Factory Penthouse, Fitzroy",Melbourne,A$651 / night
"The Philadelphia, Melbourne",Melbourne,"A$1,079 / night"
Deluxe 1 Bedroom Twin Apartment & Double Sofa Bed,Melbourne,A$172 / night
Sleek Skyline View Apartment Ideal for City Break,Melbourne,A$454 / night
Domi Rentals - The Townhouse,Melbourne,A$208 / night
A Stylish 2BR CBD Apt with Beautiful City Views,Melbourne,A$446 / night
BOUTIQUE STAYS - Edinburgh Place,Melbourne,A$400 / night
Melbourne Apt 2BD 2Bath WIFI & PARKING SOUTH YARRA,Melbourne,A$213 / night
Sonoma Chalet,Dinner Plain,A$457 / night
StayCentral on Lonsdale 2 BR 2 BA Melbourne CBD,Melbourne,A$371 / night
165 On Bogong - self contained unit,Ballarat,A$206 / night
Harbour Escape Apartments Docklands,Melbourne,A$238 / night
"Heart of the CBD! Free Netflix, WiFi, Pool, Gym",Melbourne,A$300 / night
A Comfy 2BR Apt with a Panoramic View of the City,Melbourne,A$153 / night
StayCentral on Nott - beach cafes restaurants tram,Melbourne,A$325 / night
Beach Stay Apartment Melbourne City & Port,Melbourne,A$217 / night
Birches Serviced Apartments,Melbourne,A$175 / night
"Oversized Apartment Close to City, Parks, MCG",Melbourne,A$292 / night
Malvern 3 Bedroom Park Land,Melbourne,A$464 / night
"Bosisto Loft, Richmond",Melbourne,A$527 / night
JUDD Stylish Richmond Abode Awaits You,Melbourne,A$388 / night
Retro Styled 3 Bedroom Apartment with Tree Views,Melbourne,A$224 / night
ABODE ON ADENEY FREE WIFI / PET FRIENDLY,Melbourne,A$426 / night
Delightful 3 Bedroom Apartment near Chapel Street in St Kilda,Melbourne,A$183 / night
Stunning farmstay in beautiful Harcourt Hills,City of Greater Bendigo,A$149 / night
The Royal Absolute Ripper,Melbourne,A$140 / night
The Oaks B&B Courtyard Unit,Frankston,A$294 / night
A Comfy & Spacious 2BR Suite Next to Emporium,Melbourne,A$177 / night
"Ultimate location , parking and public transport, shopping and restaurants",Melbourne,A$306 / night
executive   Shepparton,Shepparton,A$226 / night
BOUTIQUE STAYS ‚Äì The Veronica,Melbourne,A$428 / night
Albert Park lakehouse,Melbourne,A$401 / night
2BR HarbourView Suites in Docklands (FREE Parking),Melbourne,A$954 / night
„Äê5 BEDS„ÄëWalk to Train Station Melbourne CBD 14KM Airport 15mins,Melbourne,A$206 / night
Your Peaceful City Holiday Cottage,Melbourne,A$182 / night
"Collins Tower, Melbourne",Melbourne,"A$1,311 / night"
Very Spacious apartment in city centre close to tourist attractions,Melbourne,A$265 / night
Comfy beautiful 3Beds House in Epping,Melbourne,A$208 / night
Live Perfect Experience with City View,Melbourne,A$903 / night
Elegant 2BR Abode within Melbourne CBD FREE WIFI,Melbourne,A$330 / night
Ilixir Apartments by Ready Set Host,Melbourne,A$380 / night
Springwater Retreat,Shire of Murrindindi,A$248 / night
Riverside apartment overlooking parkland with river views.  Near transport,Melbourne,A$155 / night
"Superb St Kilda Location, 2BR Renovated Art Deco, Family-Friendly, Quiet Street",Melbourne,A$268 / night
BOUTIQUE STAYS ‚Äì Contempo,Melbourne,A$671 / night
Lake Apartments - Metres to Lake Wendouree,Ballarat,A$178 / night
"Contempo Caulfield, Caulfield South",Melbourne,A$946 / night
"Long Stay Discount, Parking, Great Family Getaway, Close to Zoo, Spa Bath, BBQ",Melbourne,A$364 / night
"AHA @ Port of Sale 1,2 or 3 bedroom",Shire of Wellington,A$243 / night
Boutique Stays - The Richardson,Melbourne,A$354 / night
Como Villa - Luxury Family Parkdale Retreat short walk to cafes & the beach,Melbourne,A$685 / night
Readyset on Spencer,Melbourne,A$152 / night
Cityside - StayCentral,Melbourne,A$299 / night
"Seaside Boutique Accommodation, just moments to Seaford Beach",Melbourne,A$298 / night
Brand New Luxurious Inner City Townhouse WIFI Netflix,Mildura VIC,A$241 / night
Spacious 4 Bedoom Family Home close to Uni and Uni Hill,Melbourne,A$237 / night
Northern peaks - holiday getaway,Smith's Beach,A$725 / night
HOLIDAY HOME 3BR TOWNHOUSE  with WIFI  NEAR HIGHPOINT,Melbourne,A$616 / night
"Laurent ¬∑ ""Laurent"" Balcony Views | Steps from Laneway Vibes",Melbourne,A$422 / night
"LuxuryBrandNew2Bedroom:HotTub,Pool,BarWiFi&CarPark",Melbourne,A$360 / night
2BR Apt Central to Everything in Melbourne CBD w/ CITY VIEW + POOL,Melbourne,A$441 / night
KOOKABURRA COTTAGE - Perfect family getaway,Marysville (Victoria),A$343 / night
3 Bedroom Family Apartment in the heart of Southbank,Melbourne,A$544 / night
"Historic Dunedin nestled in roses, solely yours",Shire of Murrindindi,A$260 / night
Foreshore McCrae Apt 4 ... Opposite the beach,Melbourne,A$475 / night
Lakes Entrance Holiday Units,Lakes Entrance,A$253 / night
Daisy Villa ‚Äì close to Mel. Airport & Hume Fwy.,Victoria,A$238 / night
BOUTIQUE STAYS - Catani Gardens,Melbourne,A$550 / night
Melbourne Central - StayCentral,Melbourne,A$278 / night
Modern Cottage in Maryborough,Maryborough (Victoria),A$133 / night
GREAT 5 BEDROOM HOUSE PERFECT FOR GROUP GREAT ST KILDA LOCATION,Melbourne,"A$1,352 / night"
"Cove Holiday House, quiet, near golf club & beach",Cowes (Victoria),A$411 / night
"BUXTON BEAUTY - Central location, river views",Shire of Murrindindi,A$286 / night
NY Style Living &  FREE Secure Car Parking,Melbourne,A$379 / night
"Beachside Retreat, Elwood",Melbourne,A$522 / night
"Sambuca 5, Mount Hotham",Hotham Heights,A$686 / night
Cohuna Waterfront Holiday Home,Victoria,A$490 / night
Kings Domain - in the House of Windsor,Melbourne,A$342 / night
Numurkah Self Contained Apartments - The Miekeljohn,Shire of Moira,A$154 / night
Mt Helen Accommodation - Ideal for large groups and short stays,Ballarat,A$637 / night
Gracefield Estate 2 Bedroom Private Cottage,Shire of Baw Baw,A$442 / night
Docklands 1 Bedroom Pool and Gym,Melbourne,A$192 / night
Large 3 Bed Aprt in South Yarra,Melbourne,A$331 / night
Spacious 3BR Family House Close to Westfield,Melbourne,A$249 / night
"""Bliss"" - Pearl Apartments",Melbourne,A$136 / night
Central View - Walking Distance to the Fountain,Bendigo,A$185 / night
"Perfectly Located, Gorgeous St Kilda Queen Bed Apartment",Melbourne,A$131 / night
Cozy & Brand New Western Apartment,Melbourne,A$171 / night
Bienvenu- Self Contained Cottage,Halls Gap,A$119 / night
"Near Federation Sq, Flinders St Station, restaurants, shopping & graffiti alleys",Melbourne,A$112 / night
Fitzroy north oasis - 3 bedroom  apartment,Melbourne,A$170 / night
The Forrest Cottage in Wheatsheaf,Hepburn Shire,A$414 / night
Iris Cottage - 24 Prince Street Myrtleford,Myrtleford,A$269 / night
One bedroom by the sea,Melbourne,A$139 / night
Designer 3 Bedroom Heritage Central Melbourne CBD,Melbourne,A$338 / night
BIG4 Bendigo Park Lane Holiday Park,City of Greater Bendigo,A$129 / night
"TREE TOP - Marysville, VIC",Marysville (Victoria),A$278 / night
Readyset on Upper West Side,Melbourne,A$139 / night
"House, Farm retreat, with out door entertainment",City of Greater Bendigo,"A$1,147 / night"
"King beds in CBD, 2 Bath, High level Harbour View",Melbourne,A$258 / night
Magnificent Views - right on Chamois Run!!  2020 Season Rental Only,Mt Buller,"A$1,504 / night"
„ÄêWATERFRONT „ÄëWater View 1BR+1Study Apt/Free Parking,Melbourne,A$244 / night
One bedroom with one study water View/free park,Melbourne,A$256 / night
EQ Tower 2 Bed Apartment,Melbourne,A$231 / night
2 BED 2 BATHROOM BRAND NEW UNIT WITH GYM AND POOL,Melbourne,A$381 / night
Convenience and Luxurious Comfort in Carnegie,Melbourne,A$333 / night
"Room for 2, near to Yarra Valley wineries",Melbourne,A$86 / night
"3 Bedroom house with heated pool, metres from Sovereign Hill",Ballarat,A$398 / night
Peace & quiet in a country settting,Greater Geelong City,A$387 / night
Wahroonga - in Central Carlton,Melbourne,A$328 / night
Eve- Contemporary Nook with Sky-Pool & Netflix,Melbourne,A$394 / night
2 BR Modern Apartment Melbourne CBD!,Melbourne,A$162 / night
New - Blue Jay in the heart of Daylesford,Daylesford,A$420 / night
Two story mudbrick home nestled in the Dandenong Ranges.,Melbourne,A$289 / night
Gum Tree View - Welcoming Quiet Getaway Near Boutique Shops,Healesville,A$249 / night
Cosmo Stays - Spacious 3-bedroom deluxe townhouse,Melbourne,A$384 / night
The Ritz- large St Kilda apartment w amazing views,Melbourne,A$274 / night
Foreshore McCrae Apt 2 ... Opposite the beach,Melbourne,A$475 / night
Great Breach Rental!,Torquay (Victoria),A$709 / night
Opposite the beach with Wifi and secure undercover carpark,Melbourne,A$160 / night
Southbank high-rise residence,Melbourne,A$258 / night
Exotic Forest's Edge Sanctuary - Entire 3 Bedroom Cottage,Healesville,A$409 / night
One bedroom with one study city View/free park,Melbourne,A$256 / night
Secret 2 Bedroom Apartment -  Heart of Melbourne,Melbourne,A$122 / night
3 Bedroom Apt Convenient Location,Melbourne,A$354 / night
City Stay at Melbourne Tower - Southbank **3BR+High Speed WiFi+Netflix+Parking**,Melbourne,A$414 / night
Apartment Geilo 4 Excellent value,Falls Creek,A$387 / night
Smart apartment in elegant suburb close to city,Melbourne,A$230 / night
Dartmouth Mountain Retreat,Shire of Towong,A$132 / night
Apartment 390m¬≤,Melbourne,A$231 / night
Modern Apartment in a great location close to city,Melbourne,A$192 / night
Deluxe Cityview 2Bedroom 2Bath room Apt/Free Parking,Melbourne,A$256 / night
"PRIVATE HOT TUB overlooking run, 2 bedroom (sleeps 6)",Mt Buller,"A$1,060 / night"
Quiet & Peaceful 3bed2bath HOME @Keilor Downs,Melbourne,A$249 / night
HUSKI 2: Ideal Family & Friend Accommodation - Mt Buller Village,Mt Buller,A$498 / night
Numurkah Self Contained Apartments  - The Saxton,Shire of Moira,A$143 / night
"StayCentral on Kavanagh - Near Arts Precinct & trams, with Wi-Fi tennis pool gym",Melbourne,A$240 / night
Sophisicated Family Oasis in Richmond,Melbourne,A$792 / night
"Boutique style 4BR, 2 bath Home, Bunglow,Pool on 780sqm land near Brighton beach",Melbourne,A$382 / night
Sun Apartments - Mt Hotham,Hotham Heights,A$292 / night
"LonsdaleStar:New2bed2bath, High Floor View+CarPark+PoolGym",Melbourne,A$246 / night
One Bedroom with Study & City View Apartment,Melbourne,A$244 / night
5 bedroom house in quiet location- pet friendly,Ballarat,A$230 / night
The Cottage at the Colonial,Shire of Moira,A$265 / night
Tiptre - at Blampied,Hepburn Shire,A$221 / night
Bendigo Farm Stay - Boutique Working Farm Surrounded By Friendly Farm Animals.,City of Greater Bendigo,A$283 / night
"Deep Spring Estate ""FSC Amulla"" @ Daylesford.",Hepburn Shire,A$526 / night
Cabin Style 3 - Glamping Cabin,Rye (Victoria),A$442 / night
"Old Style Farm house, set in dairy country side",Shire of Colac Otway,A$547 / night
StayCentral on Acland - Catani 3 Wi-Fi cafes beach,Melbourne,A$236 / night
6 Bedrooms Contemporary Big House at Pakenhem,Shire of Cardinia,A$232 / night
A Wonderful beach home,Barwon Heads,A$489 / night
Malvern 3 Bedroom Delight,Melbourne,A$926 / night
"Luxury Inner City Townhouse WIFI , AppleTV",Mildura VIC,A$328 / night
Two Bedroom one bath room Standard  Cityview/Free Parking,Melbourne,A$263 / night
"An ideal place to live while renovating. 
Classy 4bed/ 2bth",Melbourne,A$384 / night
Melbourne's Crown Jewel 'The Victoria' - 4 Bedroom Rooftop Penthouse,Melbourne,"A$3,495 / night"
Two Bedroom one bath room Standard  Water view/Free Parking,Melbourne,A$260 / night
"Charlotte ¬∑ ""Charlotte"" Inner City Gem close to Marvel Stadium",Melbourne,A$368 / night
"Pasley St, South Yarra",Melbourne,A$752 / night
Undera Manor 125 years old house,City of Greater Shepparton,A$182 / night
Brand New Luxury Inner City Townhouse WIFI Netflix,Mildura VIC,A$291 / night
Walk to everything in St Kilda,Melbourne,A$199 / night
Beaumont Grange House,Melbourne,A$138 / night
Cosy Mount Hotham Retreat,Hotham Heights,A$231 / night
"Entire 3bedroom home for 6 people, Doveton",Melbourne,A$196 / night
Shop Til You Drop At Sleek Unit In Hip Area,Melbourne,A$163 / night
"Style, Comfort and Convenience",Melbourne,A$358 / night
Apartments Of Waverley - 3 Bedroom Townhouse,Melbourne,A$325 / night
Hollywood Haven Mildura,Mildura VIC,A$218 / night
"Armadale Retreat, Armadale",Melbourne,"A$1,473 / night"
Mansfield Property Set In Beautiful Gardens,Mansfield (Victoria),A$483 / night
Amazing Location 2 Bed 2 Bath St Kilda,Melbourne,A$253 / night
For a good time or a long time,Ballarat,A$186 / night
"Magnolia House: 4BR, 2 free car parking spaces & big backyard",Melbourne,A$554 / night
Homely Getaways - Central Mildura,Mildura VIC,A$725 / night
"Clyvemore - Luxurious, boutique accommodation in the heart of the Ballarat.",Ballarat,A$206 / night
Whistler 1C 2 Bedrooms 2 Bathrooms,Mt Buller,A$420 / night
930 Big House OnTheBeach-30 metres Beach/Shops/Pub/Resturants-Leave Car Behind,Melbourne,"A$1,915 / night"
Yarra Gables Cottage - 3 bedroom house in a quiet street,Badger Creek,A$480 / night
Ballarat BreakAway Short Stays -Beautiful Comfortable Accommadation.,Ballarat,A$234 / night
Wisteria Lodge,Melbourne,A$644 / night
Luxury 4 bedroom Townhouse in Glen Waverley,Melbourne,A$324 / night
Sassafras guest house,Sassafras,"A$1,047 / night"
Calliope Apollo Bay,Apollo Bay,A$564 / night
Sawmill Mountain Retreat- dcs retreats,Merrijig,A$420 / night
Eureka Ski at Mount Hotham,Hotham Heights,A$276 / night
Golf View Charm - Large two story House,Melbourne,A$215 / night
"Spacious, natural light filled 4BDR house in a CENTRAL location",Melbourne,A$256 / night
A701 TWIN TOWERS: Mt BULLER VILLAGE Ski In / SkOut,Mt Buller,A$582 / night
Honeysuckle Domain | Modern | Family,City of Greater Bendigo,A$212 / night
Rosebery Cottage at The Oaks Lilydale Accommodation,Melbourne,A$474 / night
A Cozy & Stylish Suite Near Melbourne Central,Melbourne,A$161 / night
3 bedroom unit in quiet location- pet friendly,Latrobe City,A$164 / night
Luxury Accommodation,Mildura VIC,A$542 / night
Cozy Quiet 3Br Family House In Melbourne Close to Box Hill&Deakin 25 mins to CBD,Melbourne,A$209 / night
"Bluebell Apartments in Box Hill, Melbourne",Melbourne,A$139 / night
ResortStyle 4BR House with parking@Werribee,Melbourne,A$265 / night
Keppt Holiday Cottage,Merrijig,A$331 / night
Park Lane Apartment East Melbourne,Melbourne,A$387 / night
"D110 Sweet Melon super stay-fantastic, large group",Melbourne,A$310 / night
Triggerplant 3-DPA,Dinner Plain,A$200 / night
Two Truffles Cottages,Shire of Yarra Ranges,A$226 / night
"Stylish, Renovated Edwardian Home in Kew.",Melbourne,A$180 / night
Farm Cottage on the Bellarine Peninsula,Greater Geelong City,A$658 / night
2BR CBD Apt ‚òÖ Great for staycation ‚òÖ 3min to station,Melbourne,A$274 / night
Domi Rentals - The Bett Residence (Walk to Monash),Melbourne,A$317 / night
Domi Rentals - The Rayhur Residence,Melbourne,A$261 / night
"Abinger, Richmond, Luxico Group Pty Ltd",Melbourne,"A$1,019 / night"
GIPPSLAND HOLIDAY STAY TRARALGON,Latrobe City,A$203 / night
Domi Rentals - The Mill Residence,Melbourne,A$308 / night
"The Grainger, Fitzroy",Melbourne,"A$1,009 / night"
Beautiful 4 BRM House in Melbourne,Melbourne,A$457 / night
THE BIRDCAGE Luxury 4 Bedroom Penthouse Views Cinema Jacuzzi BBQ,Melbourne,"A$1,540 / night"
Sun Apartments - Mount Hotham,Hotham Heights,A$308 / night
Domi Rentals - The Country Residence,Melbourne,A$265 / night
Domi Rentals - The Alma Apartment,Melbourne,A$258 / night
Bungunyah Apartments: Cotton,Melbourne,A$303 / night
"Well suited to families, couples, individuals, conference and others",Ballarat,A$248 / night
Exclusive Stays - SouthbankONE II,Melbourne,A$665 / night
Domi Rentals - Three Bedroom Townhouse,Melbourne,A$251 / night
Naringal  Station - Shearer's Quarters Farmstay - Huge farmhouse for 23 people!,Victoria,"A$1,912 / night"
Lakes Entrance Holiday Units,Lakes Entrance,A$253 / night
Azalea House - Family Accommodation,Warburton,A$334 / night
VINTAGE CHARM ON ST LEONARDS,Healesville,A$610 / night
SPACIOUS 3BR/2BTH CBD APT + WIFI + VIEW!,Melbourne,A$452 / night
Waterfront Garden Retreat House 2 mins to TownCentre 20mins to CBD  ÂÖ¨Âõ≠Âà´Â¢Ö,Melbourne,A$310 / night
5br Luxury House 20 Min To Cbd Spacious Living,Victoria,A$337 / night
D118 Cawood Family Stay,Melbourne,A$219 / night
"Harry & Franklin, Saint Kilda",Melbourne,"A$1,382 / night"
Lovely Family Home in Quiet Bayside Neighbourhood,Melbourne,A$527 / night
THE WINDSOR Executive 2.5 Bedroom Freshwater Place,Melbourne,A$706 / night
Spacious 4-Bed House with Parking and Backyard,Melbourne,A$424 / night
Gorgeous 4BR home in Point Cook,Melbourne,A$237 / night
Malvern 3 Bedroom House,Melbourne,A$711 / night
New corner apartment with wonderful city & river views in a great location,Melbourne,A$210 / night
Sun-lovers Beach House,Melbourne,A$394 / night
D121 Fabulous Marsh Stay,Melbourne,A$362 / night
Blackwood Lodge in Wombat State Forest,Shire of Moorabool,A$572 / night
Lakeside Park Relax Cozy House 2mins to TownCentre,Melbourne,A$325 / night
Homely Getaways in Central Pakenham - Pet Friendly,Shire of Cardinia,A$322 / night
Entire house with unlimited WIFI and NETFLIX in the heart of Eastern Suburbs,Melbourne,A$408 / night
"Mineral Springs Log Cabin, near Daylesford",Shire of Moorabool,A$320 / night
BEAUTIFUL TERRACE HOUSE IN FABULOUS ALBERT PARK,Melbourne,A$608 / night
El Casa Rancho - Explore Melbourne from the leafy east!,Melbourne,A$260 / night
Hotel High Plains-Dinner Plain,Dinner Plain,A$168 / night
Gifford chalet dog friendly.,Harrietville,A$508 / night
Mulberry - Walk to MCG & Heart of Richmond,Melbourne,A$457 / night
Cadeau at Merrijig - The Base of Mount Buller,Merrijig,A$468 / night
"Chesterfield Ave, Malvern",Melbourne,"A$1,996 / night"
Trendy sweet home 3BR+1Study@Blackburn South,Melbourne,A$258 / night
Luxury Holiday House in the Inner City,Melbourne,A$867 / night
"Oxley, Port Melbourne",Melbourne,A$962 / night
Giant Apartment in an Amazing Location!,Melbourne,A$303 / night
Bristol House Accommodation UNIT,Maryborough (Victoria),A$179 / night
Eskipade Chalet - alpine-getaways,Dinner Plain,A$539 / night
"Albert Rd, South Melbourne",Melbourne,"A$3,366 / night"
Mawson 5 Family Apartment close to Ski School,Mt Buller,A$572 / night
Himalayinn - Ski lodge or Alpine retreat,Merrijig,A$827 / night
The Amazing Wiltshire of warehouse conversion!,Melbourne,A$259 / night
"Brunswick Getaway, walking distance to bars, cafes restaurants",Melbourne,A$165 / night
Torquay Surfcoast  Victoria,Torquay (Victoria),"A$1,567 / night"
D123 Super Sun Shine Stay,Melbourne,A$303 / night
CHENERY RETREAT Mansfield Accommodation,Mansfield (Victoria),A$334 / night
Twin Towers 302A - Luxury Accommodation on Mt Buller,Mt Buller,"A$1,247 / night"
Box Hill accommodation,Melbourne,A$154 / night
Sunny Sunday Getaway,Shire of Mitchell,A$203 / night
Special Melbourne retreat- relaxing fulfilling,Melbourne,A$302 / night
Quiet Comfortable Family House in Melbourne Great Ocean RdTourist stopoverËàíÈÄÇÁã¨Ê†ãÂà´Â¢Ö,Melbourne,A$207 / night
Wirraway Farm-stay,Shire of Mitchell,A$134 / night
Carlton Room With a View - Car Park,Melbourne,A$135 / night
Fire & Ice - At the base of Mt Buller,Merrijig,A$414 / night
'The Houses Daylesford' Group Stay,Daylesford,"A$9,631 / night"
Alpine Edge Chalet - alpine-getaways,Dinner Plain,"A$1,368 / night"
Hawthorn Family Home with Large Space,Melbourne,A$396 / night
Delicate And Peaceful Bundoora Townhouse 12,Melbourne,A$340 / night
Helen's luxury hut,Victoria,A$63 / night
"Brighton Retreat, Brighton",Melbourne,"A$2,526 / night"
Murmeli Falls Creek,Falls Creek,A$183 / night
"Bright, Cozy and Relaxing home at Burwood East",Melbourne,A$259 / night
Gorgeous family retreat,Melbourne,A$247 / night
"Red Rock of Alvie- ""Aviemore"" heavenly and hidden retreat",Shire of Colac Otway,A$370 / night
"Modern, Spacious, 3 bedroom apartment with Views in the heart of the City",Melbourne,A$641 / night
Cozy Family House in Clyde ÂÆ∂Â∫≠Ê∏©È¶®Ê∞ëÂÆø,Melbourne,A$290 / night
Stay Belgravia -  9 bedroom house,Melbourne,A$678 / night
Hawthorn Holiday House,Melbourne,A$280 / night
Ski Break Luxury Chalet - Dinner Plain,Harrietville,A$849 / night
"Spacious, Lovely 4 Bed Room Family Home",Melbourne,A$357 / night
Boutique Stays - Brighton Abode,Melbourne,A$417 / night
Halen's hourse,Melbourne,A$75 / night
Corinella,Hepburn Shire,A$274 / night
Queens Lakeside Apartment,Melbourne,A$287 / night
Architectural Luxury Home - Premier location in Hawthorn,Melbourne,"A$1,471 / night"
New York Loft style apartment 4 km to CBD,Melbourne,A$318 / night
BLAIRGOWRIE GEM .....,Blairgowrie,"A$1,135 / night"
Melbourne Luxury Villa at Doncaster,Melbourne,A$398 / night
Tussie Mussie Vineyard Retreat Lodge,Merricks North,"A$1,697 / night"
Treetops Guesthouse Cottage @ Lochiel Accommodation,Melbourne,A$336 / night
Artsy Apartment CBD City Views and Balcony,Melbourne,A$280 / night
"Luxurious apartment at Hardware Lane, 3 Bed Gym Pool and many more",Melbourne,A$554 / night
Apple House Tarneit North,Victoria,A$85 / night
D103 Lemon tree house,Melbourne,A$232 / night
Classic 5 Beds Mt Dandenong Resort,Melbourne,"A$1,013 / night"
Waterfront grand villa ‚Äî 245 Sanctuary Lakes South Blvd,Melbourne,A$538 / night
Hudson@Stockmans Mansfield Vic,Mansfield (Victoria),A$847 / night
D113 magnificent Marsden Garden City Stay,Melbourne,A$237 / night
Yes Holiday Home,Victoria,A$69 / night
Heart of Ormond Apartment by Ready Set Host,Melbourne,A$193 / night
Woody lifestyle one bedroom apartment,Olinda (Victoria),A$232 / night
Federation Square Apartments - Breathtaking View,Melbourne,A$311 / night
Studio 4 - Saint George Accommodation,Melbourne,A$99 / night
Chum Creek Hut,Shire of Yarra Ranges,A$350 / night
Sharpys Chalet - alpine-getaway Dinner Plain,Harrietville,A$865 / night
Goughs Tranquility - relax and enjoy the view,Goughs Bay,A$764 / night
MERINDA - minil & merinda chalets,Merrijig,A$527 / night
Summit Ridge Alpine Lodge,Falls Creek,A$216 / night
D119 Silver Birch Family Stay,Melbourne,A$295 / night
Spacious Lovely 5Beds home@Point Cook,Melbourne,A$266 / night
Inner City Oasis on Buckingham,Melbourne,A$305 / night
Alice Manor 3---New & Up market high quality,Melbourne,A$371 / night
The Blue Barn,Daylesford,A$252 / night
Best Western Fawkner Suites & Serviced Apartments,Melbourne,A$136 / night
"Malleson, Richmond, Luxico Group Pty Ltd",Melbourne,"A$1,146 / night"
Accommodation in Melbourne,Melbourne,A$362 / night
D114 Victorian Home Stay-close to city,Melbourne,A$234 / night
Toolebewang Farm Cottage,Shire of Yarra Ranges,A$234 / night
Madam Saddler - On Fraser Clunes,Hepburn Shire,A$272 / night
Eastern Hill Creswick,Creswick,A$138 / night
165 On Bogong,Ballarat,A$250 / night
Gravity Tower,Melbourne,A$199 / night
Koovelly Garden Studio,Daylesford,A$232 / night
Elizabethan Lodge,Melbourne,A$99 / night
Nook Melbourne Apartments : Sutherland Street - Melbourne CBD,Melbourne,A$262 / night
Space for all in Southbank - 3 Bedroom Apartment,Melbourne,A$244 / night
Apple House,Melbourne,A$69 / night
Blue Bird Chalet - alpine-getaways,Dinner Plain,A$506 / night
Gunyah Valley Retreat,City of Greater Bendigo,A$140 / night
The Castle @ The House of Windsor (all 3 levels),Melbourne,A$764 / night
Castlemaine Central Cabin & Van Park,Castlemaine,A$118 / night
"Ballarat's Victoriana, 1980‚Äôs Terrace home with wheelchair accessibility.",Ballarat,A$213 / night
Ballarat cottages incorporating yarrowee cottage and Admirals cottage,Ballarat,A$150 / night
The Garden Room,Daylesford,A$222 / night
The House of Windsor - Queens Loft,Melbourne,A$284 / night
Aparment Sky Home,Melbourne,A$251 / night
Poets Lodge Boutique Group Stays and Events,Daylesford,"A$2,224 / night"
The home is only 30 minutes from Melbourne Airport.,Shire of Macedon Ranges,A$202 / night
"Beaconsfield Villa, Saint Kilda",Melbourne,"A$7,149 / night"
"Stunning, Central Huge CBD Pad, free WiFi, Netflix",Melbourne,A$259 / night
Discovery Parks ‚Äì Melbourne,Melbourne,A$115 / night
Melbourne Fitzroy Terrace,Melbourne,A$415 / night
RiverCottage-selfcontained,Marysville (Victoria),A$215 / night
Home away from home,Victoria,A$77 / night
Apple House Upper Point Cook,Melbourne,A$89 / night
Majella Chalet alpine-getaway,Dinner Plain,"A$1,674 / night"
Large Quiet Art Deco Apt Camberwell,Melbourne,A$200 / night
Airport Tourist Village Melbourne,Melbourne,A$77 / night
Homely Getaways - Eighth Street Mildura,Mildura VIC,A$797 / night
ELKHORN 17: Modern Family Accommodation - Mt Buller Village,Mt Buller,A$434 / night
D116 Heart of St Albans,Melbourne,A$235 / night
Mountain Mist Chalet alpine-getaways,Dinner Plain,A$895 / night
Exclusive Stays - Prima Tower,Melbourne,A$876 / night
Spencer Street Apartments,Melbourne,A$236 / night
Lake Hamilton Motor Village and Caravan Park,Hamilton (Victoria),A$139 / night
Apartments Of Waverley,Melbourne,A$154 / night
MARK 11 2W: Executive Accommodation - Mt. BULLER VILLAGE:,Mt Buller,A$631 / night
The Recovery Room with Luxury Indoor Spa,Dinner Plain,A$778 / night
Cloud 9 Alpine Lodge High Country Lodge,Dinner Plain,"A$1,467 / night"
Designer Decor Home with 8 Beds at Williams Landing,Melbourne,A$401 / night
Belle of Brighton East Spacious and Comfortable Family Home,Melbourne,A$561 / night
Lakeview On Sycamore,Melbourne,A$192 / night
Somerset on Elizabeth Melbourne,Melbourne,A$184 / night
Secret Cottage,Healesville,A$200 / night
Mornington Peninsula Retro Glamping,Rye (Victoria),A$173 / night
Melbourne Holiday Apartments Flinders Wharf,Melbourne,A$176 / night
MY80 Apartment located in the inner of Melbourne CBD,Melbourne,A$130 / night
Indulge Apartments - Langtree,Mildura VIC,A$174 / night
Orange Stay Apartments,Melbourne,A$201 / night
Apartments @ 57 City,Melbourne,A$157 / night
A big house for big group,Melbourne,A$293 / night
"MELBOURNE, Fitzroy, Sth Melbourne homes-4-5beds/2-5baths",Melbourne,A$604 / night
Park Avenue - IKON Glen Waverley,Melbourne,A$120 / night
Great Newly Built House Near Melbourne Airport,Melbourne,A$659 / night
Oaks Melbourne on Lonsdale Suites,Melbourne,A$120 / night
Indulge Homes - 77 Olive,Mildura VIC,A$660 / night
Delicate And Peaceful Bundoora Townhouse 20,Melbourne,A$340 / night
Alpine View Apartments - 12 share Deluxe,Falls Creek,"A$1,547 / night"
Francis Geelong 156 - Belmont 4 Bedroom,Greater Geelong City,A$436 / night
Daylesford Holiday Park,Daylesford,A$132 / night
De'Vine Escape,Shire of Yarra Ranges,A$182 / night
"Boutique Stays - Zinc 501, Port Melbourne",Melbourne,A$280 / night
Canvas Suites on A'beckett,Melbourne,A$159 / night
BIG4 Shepparton Park Lane Holiday Park,City of Greater Shepparton,A$158 / night
Country Getaway Neerim South,Shire of Baw Baw,A$226 / night
Mantra Lorne,Lorne,A$432 / night
Lovely home,Melbourne,A$159 / night
Luxury Beachfront House,Ocean Grove (Victoria),"A$2,550 / night"
Boutique Stays - South Yarra Lane,Melbourne,A$345 / night
Alexandra Tourist Park,Shire of Murrindindi,A$138 / night
Golden Country Motel and Caravan Park,Maryborough (Victoria),A$141 / night
Platinum City Serviced Apartments,Melbourne,A$177 / night
Accommodation Melbourne Empire,Melbourne,A$180 / night
Luxury Penthouse 3BDR Inner City  LRG Group  WIFI,Melbourne,"A$1,294 / night"
Barunah Plains Shearers Quarters Large groups sleeps 43 people in 16 rooms,Victoria,"A$2,247 / night"
"Alpine View Apartments - 12sh, Superior Deluxe",Falls Creek,"A$1,727 / night"
The Glen Family House,Melbourne,A$310 / night
Hideaway Valley Farm,Latrobe City,A$95 / night
Homely Getaways @ Swanston Square,Melbourne,A$237 / night
McKillop Geelong by Gold Star Stays,Geelong,A$163 / night
Triggerplant 1-DPA,Dinner Plain,A$145 / night
Silverleaf,Melbourne,A$136 / night
Frankie306,Melbourne,A$243 / night
CBD Little Paris - StayCentral,Melbourne,A$234 / night
Boutique Stays Sandyside- Sandringham Villa Units,Melbourne,A$280 / night
Boutique Stays - Carlton Terrace,Melbourne,A$280 / night
Boutique Stays - Buckingham,Melbourne,A$326 / night
A-Line Holiday Park,City of Greater Bendigo,A$91 / night
"Boutique Stays - Somerset Terrace, Townhouse in Richmond",Melbourne,A$290 / night
Heto's SnowGums 9,Dinner Plain,A$586 / night
"Boutique Stays - Vox Terrace, Prahran Apartment",Melbourne,A$244 / night
Lifestyle Villages Traralgon,Latrobe City,A$98 / night
Heart of Crown by Ready Set Host,Melbourne,A$361 / night
1008N Docklands 2 Bed Free Wifi #,Melbourne,A$354 / night
K2 Apartment 11:  Mt Buller Village Executive Apartment,Mt Buller,A$614 / night
Ski View 1: Funky Family Accommodation - Mt Buller Village,Mt Buller,A$516 / night
Bacarra Heritage Cottage - 2 bed heritage home in Geelong,Greater Geelong City,A$267 / night
Weathering Heights-Chalet In The High Country,Dinner Plain,A$497 / night
BIG4 Dandenong Tourist Park,Melbourne,A$150 / night
Northcote Hill - StayCentral,Melbourne,A$264 / night
Darcy's Cottage on Piper,Kyneton,A$394 / night
"Boutique Stays - The Residence, Brighton Luxury Apartment",Melbourne,A$381 / night
Insaa Serviced Apartments Dandenong,Dandenong,A$268 / night
Vineyard Retreat Mildura,Mildura,A$550 / night
Top Floor‚Ä¢Views‚Ä¢Yarraville‚Ä¢2 bedroom‚Ä¢2bathroom,Melbourne,A$246 / night
NGV Art Centre Retreat - StayCentral,Melbourne,A$270 / night
BoxhillÊ∞ëÂÆø,Melbourne,A$58 / night
Cottage for 1 or 20 People,Capel Sound,"A$1,896 / night"
"Mimosa Heritage Cottage - 2 bedroom house, Geelong",Greater Geelong City,A$183 / night
Mansfield Holiday Park,Mansfield (Victoria),A$147 / night
COMPLETE HOST Coventry St Apartments,Melbourne,A$321 / night
A house in paradise.,Dromana,A$497 / night
"Boutique Stays - Melrose Terrace, Townhouse in North Melbourne",Melbourne,A$290 / night
Cottage By The Bay ---Quick Response 24/7,Melbourne,"A$1,501 / night"
Superb Luxe 5BR house@Point Cook near lake,Melbourne,A$251 / night
Your guest room in Keysborough,Melbourne,A$110 / night
NO CAR NEEDED-30metres BEACH/PUBS/RESTURANTS/SHOPS (Lots of secure parking),Melbourne,"A$1,169 / night"
Intimate small wedding venue for up to 30 guests.,Melbourne,"A$3,081 / night"
6 Bedrooms Right On The Beach- Cafes/Shops/Pubs 1 minute WALK!,Melbourne,"A$1,919 / night"
Warragul Gardens Holiday Park,Shire of Baw Baw,A$142 / night
Blairs-DPA,Dinner Plain,A$242 / night
Boutique Stays ‚Äì Sandy Breeze 1,Melbourne,A$391 / night
BOUTIQUE STAYS - Gumflower,Melbourne,A$267 / night
StayCentral on Little Collins,Melbourne,A$282 / night
StayCentral on Lonsdale,Melbourne,A$299 / night
Boutique Stays - Victoria Road,Melbourne,A$427 / night
Convenience and luxury in Carnegie,Melbourne,A$338 / night
Brunswick Vibe - StayCentral,Melbourne,A$270 / night
Boutique Stays - The Veronica,Melbourne,A$495 / night
"Boutique Stays - Roxys Place, Prahran House",Melbourne,A$409 / night
Boutique Stays-Murrumbeena Place 1,Melbourne,A$381 / night
Boutique Stays - Elwood Hideaway,Melbourne,A$541 / night
StayCentral on Nott,Melbourne,A$270 / night
BOUTIQUE STAYS - Sandy Haven A,Melbourne,A$302 / night
London Park Resort,Melbourne,A$350 / night
Bright-DPA,Dinner Plain,A$214 / night
91 Stevenson Court,Yarrawonga,A$704 / night
Smoko,Dinner Plain,A$242 / night
Boutique Stays - Highviews,Melbourne,A$354 / night
Boutique Stays - Mentone Abode,Melbourne,A$400 / night
Quest Maribyrnong,Melbourne,A$149 / night
"Boutique Stays - Central Park, South Melbourne Townhouse",Melbourne,A$427 / night
Absinthe,Dinner Plain,A$458 / night
Double Bridges,Dinner Plain,A$400 / night
Belltrees,Dinner Plain,A$513 / night
Square Bear-DPA,Dinner Plain,A$444 / night
Spray Point Beach House: entertaining deck,Blairgowrie,"A$1,706 / night"
Classic 6BRM Villa in Melbourne,Melbourne,A$425 / night
Cottage by the Sea ---Quick response 24/7,Capel Sound,"A$1,514 / night"
Cozy charming and affordable,Melbourne,A$188 / night
Tooroonga Park - Yarra Valley,Shire of Yarra Ranges,A$331 / night
Wings Mt Eliza Private Guest House,Melbourne,A$172 / night
Comfortable and Lovely Bodkin Cottage - Room 1,Kyneton,A$204 / night
stand alone fully self contained spa cottage which accommodates 2 people,Melbourne,A$205 / night
The Garden House at elevation652 at Mt Bellevue,Rural City of Wangaratta,A$282 / night
Bed & Breakfast accommodation for 2 on a sheep farm,Shire of Southern Grampians,A$133 / night
Harvest Home Bed & Breakfast,City of Greater Shepparton,A$136 / night
Santa Fe Ranch - peaceful getaway,Tolmie,A$200 / night
"Heathcote Views with wifi , spabath & carport",Shire of Mitchell,A$512 / night
Overland 1 Train Carriage Codrington Gardens,Shire of Moyne,A$144 / night
Hideaway in the Hills ... MillDuck StrawBale B&B,City of Greater Bendigo,A$254 / night
"Josephine's Bed & Breakfast
Traditional in-home Bed & Breakfast",Melbourne,A$159 / night
Casa Valeri in Warburton,Warburton,A$414 / night
Fergusson Winery - Executive Suite,Shire of Yarra Ranges,A$224 / night
Couryard Chalet Codrington Gardens B&B,Shire of Moyne,A$133 / night
Settlers Delux Cottage Codrington Gardens B&B,Shire of Moyne,A$154 / night
Carlton Lygon Lodge  - Standard room,Melbourne,A$121 / night
BEACH ESCAPE ALTONA SPACIOUS 2BR 2CAR JUST 17KMS TO MELB CBD WALK TO THE BEACH,Melbourne,A$282 / night
Pet friendly - classic Country Motel Room near Murray,Shire of Moira,A$125 / night
kangaroo valley - wildlife,Shire of Moorabool,A$387 / night
"Hanging Rock, Wineries, Woodend, Country Getaway ,Bed and Breakfast.",Woodend,A$179 / night
"Gazebo Motor Inn -  Clean Motel Room  near Murray River,  Private Bathroom",Shire of Moira,A$83 / night
Nillahcootie Guesthouse -by Lake Nillahcootie,Rural City of Benalla,A$202 / night
Terminus Hotel Healesville,Healesville,A$182 / night
The Perfect Social Distancing Getaway,Arthurs Seat,"A$1,547 / night"
Hotel Style Rooms located in Bentleigh,Melbourne,A$175 / night
casa pizzini near the green,Rural City of Wangaratta,A$160 / night
The Mews - Charan Hills,Shire of Mitchell,A$205 / night
Santhosa - a uniquely designed B & B,Bass Coast Shire,A$193 / night
Camping with a bit of luxury,Shire of Northern Grampians,A$244 / night
The Pines Hepburn Springs,Hepburn,A$188 / night
The Canberra Hotel - a Luxury Art Deco Oasis,Ballarat,A$199 / night
The Oxley Estate B&B,Portarlington,A$253 / night
Austin Rise Bed and Breakfast,Heidelberg (Melbourne),A$170 / night
Adina Apartment Hotel Melbourne,Melbourne,A$161 / night
Leafield Cottages,Shire of Yarra Ranges,A$187 / night
Saladin Lodge,Narbethong,A$270 / night
Allawah Bendigo,Bendigo,A$125 / night
Caroline Serviced Apartments Brighton,Melbourne,A$225 / night
Quest Wodonga,Wodonga,A$128 / night
Blazing Stump Motel & Suites,Wodonga,A$165 / night
Lanbruk Richmond Hill,Melbourne,A$170 / night
Sandy Hill Serviced Apartments,Melbourne,A$339 / night
Carlton Lygon Lodge,Melbourne,A$126 / night
Lifestyle Apartments at Ferntree,Melbourne,A$157 / night
Tyrian Albert Park Lake,Melbourne,A$272 / night
Quest Burwood East,Melbourne,A$131 / night
Quest Sale,Shire of Wellington,A$134 / night
Avani Melbourne Box Hill Residences,Melbourne,A$165 / night
Vue Apartments Geelong,Geelong,A$227 / night
Quest Docklands,Melbourne,A$158 / night
Quest Sanctuary Lakes,Melbourne,A$179 / night
Bendigo Guesthouse,Bendigo,A$120 / night
Quest Flemington Central,Melbourne,A$135 / night
RNR Serviced Apartments North Melbourne,Melbourne,A$158 / night
Oaks Melbourne on Market Hotel,Melbourne,A$146 / night
Camberwell Serviced Apartments,Melbourne,A$175 / night
Quest Melbourne Airport,Melbourne,A$149 / night
Docklands Private Collection - Digital Harbour,Melbourne,A$129 / night
Quest Bundoora,Melbourne,A$140 / night
Quest Dandenong,Dandenong,A$156 / night
Quest Shepparton,City of Greater Shepparton,A$132 / night
Punthill South Yarra Grand,Melbourne,A$105 / night
Lovely Banks - Rest and Relax,Greater Geelong City,A$87 / night
Punthill Dandenong,Dandenong,A$60 / night
Quest St Kilda Bayside,Melbourne,A$171 / night
Aligning Health Retreat & Day Spa,City of Greater Bendigo,"A$1,173 / night"
Mountain View Holiday Retreat,Harrietville,"A$1,381 / night"
District Apartments Fitzroy,Melbourne,A$225 / night
Comfort Inn & Apartments Dandenong,Dandenong,A$146 / night
Park Regis Griffin Suites,Melbourne,A$129 / night
HarbourView Apartment Hotel (now Arrow on Spencer),Melbourne,A$147 / night
Clocktower Apartment Hotel,Melbourne,A$165 / night
Collins Hotel,Melbourne,A$158 / night
Sixty Two On Grey Serviced Apartments,Melbourne,A$145 / night
Beaumont Kew Apartments,Melbourne,A$95 / night
Knox International Hotel and Apartments,Melbourne,A$142 / night
YTI Garden Hotel,Melbourne,A$104 / night
Milano Serviced Apartments,Melbourne,A$119 / night
Quest Preston,Melbourne,A$148 / night
Barkly Apartments,Melbourne,A$149 / night
The Sebel Residences Melbourne Docklands,Melbourne,A$194 / night
Summer Inn Holiday Apartments,Melbourne,A$200 / night
CBD Victoria Harbour Service Apartments,Melbourne,A$421 / night
Clunes Guest Home,Hepburn Shire,A$140 / night
Terang Boutique Stay,Corangamite,A$96 / night
Redan Apartments,Melbourne,A$85 / night
