historical_hotel,City
Corner-Commercial,ALEXANDRA
Mining Exchange,ALEXANDRA
Belle Vue,ALEXANDRA
Commercial,ALEXANDRA
Mount Pleasant,ALEXANDRA
Alexandra,ALEXANDRA
Asylum Hill,ARARAT
Macs,ARARAT
Bull & Mouth,ARARAT
Newtons New Market,ARARAT
Camp,ARARAT
Freemasons,ARARAT
Manchester,ARARAT
Great Eastern,ARARAT
Newmarket,ARARAT
Green Hills,ARARAT
Manchester Arms,ARARAT
Three Mile Creek,ARARAT
Pumps,ARARAT
Scotts,ARARAT
Ararat,ARARAT
View Point,ARARAT
Three Mile,ARARAT
Union,ARARAT
Albion,ARARAT
Terminus Hotel & R R Rooms,ARARAT
Kangaroo Point,ARARAT
Old Camp,ARARAT
Hopkins,ARARAT
George,ARARAT
Commercial,ARARAT
Arcadia,ARCADIA
Grand Terminus,BAIRNSDALE
Club,BAIRNSDALE
Commercial,BAIRNSDALE
Nelson,BAIRNSDALE
Bridge,BAIRNSDALE
Mitchell,BAIRNSDALE
Paynes,BAIRNSDALE
Albion,BAIRNSDALE
Bairnsdale Club,BAIRNSDALE
Imperial,BAIRNSDALE
Orient,BAIRNSDALE
Bairnsdale Racing Club,BAIRNSDALE
Main,BAIRNSDALE
Freemasons,BALLAN
Commercial,BALLAN
East Ballan,BALLAN
Shannon,BALLAN
Werribee Hunt,BALLAN
Carriers Arms,BALLAN
Ballan Hotel & Store,BALLAN
Macs,BALLAN
Ballan,BALLAN
Great Westerm,BALLAN
Racecourse,BALLAN
Royal Mail,BALLAN
Orwell,BALLAN
Travellers Rest,BALLAN
Yeoman,BALLAN
Hanrahans,BALLAN
Railway,BALLAN
Sims Coffee Palace,BALLAN
Rose & Crown,BALLARAT
Limerick Castle,BALLARAT
Union,BALLARAT
Red Bull,BALLARAT
Dudley Castle,BALLARAT
Eureka,BALLARAT
White Horse,BALLARAT
Cosomopolitan,BALLARAT
Windsor Arms,BALLARAT
Rainbow,BALLARAT
George,BALLARAT
Excelsior,BALLARAT
Britannia,BALLARAT
Bakery Hill,BALLARAT
Soho,BALLARAT
St Andrew,BALLARAT
Copenhagen,BALLARAT
Liverpool Arms,BALLARAT
Consols,BALLARAT
Countess,BALLARAT
Straffordshire Arms,BALLARAT
White Hart,BALLARAT
Elephant & Castle,BALLARAT
Vine,BALLARAT
Carriers Arms,BALLARAT
New Scotch,BALLARAT
Stag & Hound,BALLARAT
Scotchmans Arms,BALLARAT
Clarkes,BALLARAT
Ancient Briton,BALLARAT
Imperial,BALLARAT
Donegans,BALLARAT
Railway,BALLARAT
Grand National,BALLARAT
Port Phillip,BALLARAT
Half-way House,BALLARAT
Post Office,BALLARAT
Prince of Wales,BALLARAT
Fawn,BALLARAT
Northumberland,BALLARAT
Pavilion,BALLARAT
Ship Inn,BALLARAT
Grouts,BALLARAT
Borough Boundary,BALLARAT
Alexandra,BALLARAT
Bute,BALLARAT
Pack Horse,BALLARAT
Washington,BALLARAT
John OGroat,BALLARAT
Limerick,BALLARAT
Greyhound,BALLARAT
Golden Point,BALLARAT
Perseverance,BALLARAT
Burke & Wills,BALLARAT
National,BALLARAT
Angel,BALLARAT
Southern Cross,BALLARAT
Times,BALLARAT
Sir John Franklin,BALLARAT
Hampton Court,BALLARAT
Market,BALLARAT
Shamrock,BALLARAT
Black Horse Inn,BALLARAT
Galatea,BALLARAT
Bird in Hand,BALLARAT
North Star,BALLARAT
Northages,BALLARAT
American,BALLARAT
Cumberland & Durham,BALLARAT
Inkerman,BALLARAT
Pioneer,BALLARAT
Sir William Wallace,BALLARAT
Phoenix Park,BALLARAT
Ballarat,BALLARAT
New York,BALLARAT
Cornish Arms,BALLARAT
Royal Oak,BALLARAT
Town Hall,BALLARAT
Plank Road,BALLARAT
Smiths,BALLARAT
Streets,BALLARAT
Turf Club,BALLARAT
City of Hamburg,BALLARAT
Russell Square,BALLARAT
Old Eglington,BALLARAT
Wards Family,BALLARAT
Rifle Butts,BALLARAT
Haymarket,BALLARAT
Brewers Arms,BALLARAT
Batchs Factory,BALLARAT
Hutchinsons,BALLARAT
Gilberts Motors,BALLARAT
Irwins Shop,BALLARAT
Munros Sports Depot,BALLARAT
Phoenix Foundry,BALLARAT
Royal Navy,BALLARAT
Craigs Store,BALLARAT
Wood Yard,BALLARAT
Johns Social Rooms,BALLARAT
Frenchmans,BALLARAT
Edinburgh Castle,BALLARAT
Mudies Shop,BALLARAT
Andrews Coffee Palace,BALLARAT
Albion Imperial,BALLARAT
Mathers Tailor,BALLARAT
Ludbrooks,BALLARAT
Ritchies Store,BALLARAT
Corby Store,BALLARAT
Empire,BALLARAT
Retallacks Buildings,BALLARAT
Moorsheads,BALLARAT
Berlyns Fish Shop,BALLARAT
Moorhouses,BALLARAT
Barnetts Butcher,BALLARAT
Spargos,BALLARAT
Miners Arms,BALLARAT
Kings Chemists Shop,BALLARAT
E S A Bank,BALLARAT
Haymes Shop,BALLARAT
Bridge,BALLARAT
Williams,BALLARAT
Bird,BALLARAT
Liverpool,BALLARAT
Faulls,BALLARAT
Criterion,BALLARAT
Russells,BALLARAT
Beehive,BALLARAT
Gin Palace,BALLARAT
Darks Shop,BALLARAT
Gowers Shop,BALLARAT
Banking Coy,BALLARAT
Georges Garage,BALLARAT
Wallace Butter Offices,BALLARAT
Grand Junction Mine,BALLARAT
Rose Hill,BALLARAT
Warrens,BALLARAT
Monaghans,BALLARAT
Phoenix,BALLARAT
Youngs,BALLARAT
Golf House,BALLARAT
Cons Market Saleyards,BALLARAT
Royal Standard,BALLARAT
Farmers Arms,BALLARAT
Edwards Grocery,BALLARAT
Sheet Masons Arms,BALLARAT
Golf Links,BALLARAT
Suburban Hermitage,BALLARAT
Dawes Boot Shop,BALLARAT
Golden Fleece,BALLARAT
Trades Union,BALLARAT
Commercial,BALLARAT
United States,BALLARAT
Killaloo,BALLARAT
Limerick & Killaloo,BALLARAT
Beachams,BALLARAT
Exhibition Mart Bldgs,BALLARAT
Crown,BALLARAT
Ramages Boot Shop,BALLARAT
McKellars,BALLARAT
Limerick & Clare Castle,BALLARAT
Eagle Casino,BALLARAT
Monte Casino,BALLARAT
Charlie Napier,BALLARAT
Meeks,BALLARAT
Temperance,BALLARAT
Eglinton Castle Inn,BALLARAT
Gilberts Store,BALLARAT
Walkers Barber,BALLARAT
Robinsons 2nd Hd Shop,BALLARAT
London Tavern,BALLARAT
Belgium Café,BALLARAT
Commonwealth,BALLARAT
Sam Wah,BALLARAT
Roff (Tailor),BALLARAT
Yarrowee,BALLARAT
Sulieman Palace Mine,BALLARAT
Scandinavian,BALLARAT
Court House,BALLARAT
Council Chambers,BALLARAT
Ball Court,BALLARAT
Gem,BALLARAT
Hermits Cave,BALLARAT
Chinese Camp,BALLARAT
Barley Sheaf,BALLARAT
Tram Terminus,BALLARAT
Half Moon,BALLARAT
Seven Stars,BALLARAT
Hola,BALLARAT
Wrights Store,BALLARAT
Hit or Miss,BALLARAT
Brian Boru,BALLARAT
Brewery Tap,BALLARAT
London,BALLARAT
Shannon View,BALLARAT
Falcon Inn,BALLARAT
7th Day Church,BALLARAT
ANA Rooms,BALLARAT
Coates,BALLARAT
Rose of Denmark,BALLARAT
Champions Garden,BALLARAT
Springdallah,BALLARAT
Try Again,BALLARAT
Lusitana,BALLARAT
Club,BALLARAT
Bensons Royal,BALLARAT
Deans Store,BALLARAT
Royal George,BALLARAT
City,BALLARAT
Brewery Yard,BALLARAT
Chidlows,BALLARAT
Craigs Royal,BALLARAT
Dents,BALLARAT
Trots,BALLARAT
Palace,BALLARAT
Trustees Company,BALLARAT
Royal Exchange,BALLARAT
Locomotive Inn,BALLARAT
Panthers Store,BALLARAT
Beaufort House,BALLARAT
Princess Royal,BALLARAT
Kent,BALLARAT
City Oval,BALLARAT
Glen,BALLARAT
Retreat,BALLARAT
Black Hill ProgressHall,BALLARAT
Military Arms,BALLARAT
Dunmow Flitch,BALLARAT
Australian,BALLARAT
Sir Garnet Wolseley,BALLARAT
Revival,BALLARAT
Corn Exchange,BALLARAT
Sinclairs Hill,BALLARAT
Prince Charlie,BALLARAT
Band of Hope Mine,BALLARAT
Whites Florist,BALLARAT
Lesters,BALLARAT
Thompsons,BALLARAT
Judds,BALLARAT
Central,BALLARAT
Temple Pomona Café,BALLARAT
Daveys Furrier Shop,BALLARAT
Delveens,BALLARAT
Ellis Motor Garage,BALLARAT
Coomora,BALLARAT
Red House Bakery,BALLARAT
Yorkshire Arms,BALLARAT
State Elec Comm of Vic,BALLARAT
Camerons Family & Commercial,BALLARAT
Friends,BALLARAT
Hunts,BALLARAT
Fussells,BALLARAT
Ferns,BALLARAT
Phillips,BALLARAT
Carlyons,BALLARAT
Corner,BALLARAT
Ewins,BALLARAT
Patersons Drapery Store,BALLARAT
Owens Sports Depot,BALLARAT
Halleys,BALLARAT
Jacks,BALLARAT
Brophys,BALLARAT
Newtons,BALLARAT
Taylors,BALLARAT
Sturt,BALLARAT
Golden City,BALLARAT
Fire Brigade,BALLARAT
City Brigade,BALLARAT
Brays Groc,BALLARAT
Windemere,BALLARAT
Sussex,BALLARAT
Morgan Lees,BALLARAT
Olive Branch,BALLARAT
Carbine,BALLARAT
Halls Btmkr,BALLARAT
Nicholsons Wd Yd,BALLARAT
Arrah-No-Pogue,BALLARAT
St Patricks College,BALLARAT
Inkerman & Durham,BALLARAT
Steeles,BALLARAT
McKenzie Grocer,BALLARAT
Backs,BALLARAT
Park,BALLARAT
Duke of Wellington,BALLARAT
Malakoff,BALLARAT
Nugget,BALLARAT
Caranvon,BALLARAT
Cambrian,BALLARAT
Black Bull,BALLARAT
Reform Club,BALLARAT
Earl of Zetland,BALLARAT
Havilah,BALLARAT
Erin Go Bragh,BALLARAT
Dunstans Grocers,BALLARAT
Hand of Friendship,BALLARAT
Leicester Arms,BALLARAT
Mark Rosenthal Pawn Shop,BALLARAT
Klines Bakery,BALLARAT
Major,BALLARAT
Victoria United,BALLARAT
St Johns Presbyterian Church,BALLARAT
Meaghers,BALLARAT
Orphanage,BALLARAT
Melbourne,BALLARAT
Sieferths,BALLARAT
Blucher,BALLARAT
Tontine,BALLARAT
Windsor,BALLARAT
Winsor Arms,BALLARAT
Red Hill,BALLARAT
Northern Junction,BALLARAT
Parkers,BALLARAT
Monastery,BALLARAT
Elephant,BALLARAT
White Flag,BALLARAT
Lord Clyde,BALLARAT
Coach & Horses,BALLARAT
Haigs,BALLARAT
Donegal Arms,BALLARAT
Hamburger,BALLARAT
Club House,BALLARAT
Halls Boot Shop,BALLARAT
Lake View,BALLARAT
Friend,BALLARAT
Rifle Ranges,BALLARAT
Marretts,BALLARAT
Royal Highlander,BALLARAT
Ballarat Hunt Club,BALLARAT
New Cemetery,BALLARAT
Cricket Ground Club,BALLARAT
Enterprise,BALLARAT
Duke of Edinburgh,BALLARAT
Cardiff,BALLARAT
Adelphi,BALLARAT
Albion,BALLARAT
Alfred,BALLARAT
Belfast,BALLARAT
Nags Head,BALLARAT
Belle Vue,BALLARAT
Bricklayers Arms,BALLARAT
Burra Burra,BALLARAT
Canarvon,BALLARAT
Cornubian,BALLARAT
Cemetery,BALLARAT
Eastern Railway,BALLARAT
Eastern Station,BALLARAT
Grapes,BALLARAT
North Grant,BALLARAT
Old Kayser,BALLARAT
Australia Felix,BALLARAT
Argyle,BALLARAT
Australian Arms,BALLARAT
Brewery,BALLARAT
British North American,BALLARAT
British Queen,BALLARAT
Brown Hill,BALLARAT
Bucks Head,BALLARAT
Bull & Mouth,BALLARAT
Bunch of Grapes,BALLARAT
Caledonian,BALLARAT
Camerons Post Office Hill,BALLARAT
City of York,BALLARAT
Cosmopolitan,BALLARAT
Devon & Cornwall,BALLARAT
Exchange,BALLARAT
Federal,BALLARAT
Globe,BALLARAT
Grand,BALLARAT
Grand Stand,BALLARAT
Horse Bazaar,BALLARAT
Lade of the Lake,BALLARAT
Macks,BALLARAT
Mallow,BALLARAT
Miners Support,BALLARAT
Munster Arms,BALLARAT
New Eglinton,BALLARAT
Plough & Harrow,BALLARAT
Provincial,BALLARAT
Queens Head,BALLARAT
Robin Hood,BALLARAT
Royal Don,BALLARAT
Sir Wm Don,BALLARAT
Sovereign,BALLARAT
Surrey,BALLARAT
Tam OShanter,BALLARAT
Victoria,BALLARAT
Warrior,BALLARAT
Western Ocean,BALLARAT
Wheatsheaf,BALLARAT
North Grenville,BALLARAT
Scottish,BALLARAT
Trial,BALLARAT
Toll Gate,BALLARAT
Farmers,BALLARAT
Baths,BALLARAT
Ballaguay,BALLARAT
Balligney,BALLARAT
Troopers Arms,BALLARAT
Crow,BALLARAT
Baths Ballarat,BALLARAT
Arcade,BALLARAT
Turf Inn,BALLARAT
Continential,BALLARAT
Stockade,BALLARAT
New Eureka,BALLARAT
Alhambra,BALLARAT
Coliseum,BALLARAT
Sir Charles Hotham,BALLARAT
Clarendon,BALLARAT
Old Swan,BALLARAT
Ebenezer Manse,BALLARAT
Clare,BALLARAT
Tannery,BALLARAT
Village Inn,BALLARAT
Swan,BALLARAT
Boomerang,BALLARAT
Ryans,BALLARAT
Tasmanian,BALLARAT
Boulters British Stores,BALLARAT
City of London,BALLARAT
Bruns,BALLARAT
Royal,BALLARAT
Edinburgh House,BALLARAT
Glasgow Arms,BALLARAT
Royal Charlotte,BALLARAT
Royal Charter,BALLARAT
Blue Jacket,BALLARAT
Sportsmans Arms,BALLARAT
Fasserts,BALLARAT
Saracens Head,BALLARAT
Wheatsheaf Inn,BALLARAT
Harp of Erin,BALLARAT
Red Lion,BALLARAT
Montezuma,BALLARAT
Star,BALLARAT
Duke of York,BALLARAT
Canadian,BALLARAT
Free Trade,BALLARAT
Bridge Inn,BALLARAT
Eglington,BALLARAT
Ballarat Cricket Ground,BALLARAT
Great Britain,BALLARAT
Swamp,BALLARAT
Coachmans Arms,BALLARAT
White Swan,BALLARAT
Duchess of Kent,BALLARAT
Red House,BALLARAT
Mount Rowan,BALLARAT
Golden Age,BALLARAT
Golden Lion,BALLARAT
Agric Implements,BALLARAT
Shakespeare,BALLARAT
Stewarts Family,BALLARAT
Miners Right,BALLARAT
Unicorn,BALLARAT
Rose of Australia,BALLARAT
Fountain Head,BALLARAT
Prince Albert,BALLARAT
Market Square,BALLARAT
Crown & Anchor,BALLARAT
Roddas Shop,BALLARAT
School,BALLARAT
Robert Burns,BALLARAT
Methodist Church,BALLARAT
Sewerage Viaduct,BALLARAT
Prince Regent,BALLARAT
Perth & Fyfe Arms,BALLARAT
Lover of Justice,BALLARAT
Cottage Inn,BALLARAT
Lamb Inn,BALLARAT
Odd Fellows,BALLARAT
Sir Henry Barkly,BALLARAT
Suburban House,BALLARAT
Supreme Court,BALLARAT
Scotch Thistle,BALLARAT
Terminus,BALLARAT
Junction,BALLARAT
Nth Grenville,BALLARAT
Mathers,BALLARAT
North British,BALLARAT
Stag,BALLARAT
Blue Bell,BALLARAT
Harvest Home,BALLARAT
Duchess of Lancaster,BALLARAT
Spread Eagle,BALLARAT
Native Youth,BALLARAT
Geelong,BALLARAT
Diggers Arms,BALLARAT
Burnbank,BALLARAT
Carpenters & Joiners,BALLARAT
Dunmow Flitch of Bacon,BALLARAT
Surrey Coal Hole,BALLARAT
Foys,BALLARAT
Plough Inn,BALLARAT
Help me through the world,BALLARAT
Farleys,BALLARAT
Brunswick,BALLARAT
Staffordshire,BALLARAT
Harris Family,BALLARAT
Green Dragon,BALLARAT
Ulster Arms,BALLARAT
Daniel OConnell Tavern,BALLARAT
Thistle,BALLARAT
Emu Inn,BALLARAT
Black Hill,BALLARAT
London Shades,BALLARAT
All Nations,BALLARAT
Cornwall Arms,BALLARAT
Daniel OConnell,BALLARAT
Library,BALLARAT
Lonies Fcy,BALLARAT
Foundry,BALLARAT
Ulster,BALLARAT
Garry Owen,BALLARAT
White Hart Inn,BALLARAT
Horse & Jockey,BALLARAT
Hope & Anchor,BALLARAT
Edinburgh,BALLARAT
Devonshire,BALLARAT
Theatre Royal,BALLARAT
Humffrays,BALLARAT
Port Phillips,BALLARAT
Telegraph,BALLARAT
Salutation,BALLARAT
White Flat House,BALLARAT
White Flat,BALLARAT
Grand Junction,BALLARAT
Great Extended,BALLARAT
Bone Mills,BALLARAT
Temperance Boarding House,BALLARAT
St Alipius Church,BALLARAT
North Western,BALLARAT
Greenock,BALLARAT
Cape of Good Hope,BALLARAT
Crowthers,BALLARAT
Travellers Rest,BALLARAT
Duke of Richmond,BALLARAT
Café de Paris,BALLARAT
McLarens,BALLARAT
Mitchells,BALLARAT
Douglas,BALLARAT
Victoria Mine,BALLARAT
Taits,BALLARAT
Western Mail,BALLARAT
Dublin Castle,BALLARAT
Builders Arms,BALLARAT
Cross Keys,BALLARAT
Kings Head,BALLARAT
Clarence,BALLARAT
Duke of Cornwall,BALLARAT
British,BALLARAT
Jacksons,BALLARAT
Shades Tavern,BALLARAT
Londonderry,BALLARAT
Juncion,BALLARAT
Butchers Arms,BALLARAT
Pick & Shovel,BALLARAT
Royal Britain,BALLARAT
Bowling Green,BALLARAT
Ballarat Club,BALLARAT
Beaufort,BALLARAT
Atlantic,BALLARAT
Crazes,BALLARAT
Band of Hope,BALLARAT
Camp,BALLARAT
Albert,BALLARAT
Stork,BALLARAT
Lancashire Arms,BALLARAT
Regatta,BALLARAT
Lady of the Lake,BALLARAT
Oriental,BALLARAT
Baths Arms,BALLARAT
Golden Gate,BALLARAT
Hibernian,BALLARAT
Garricks Head,BALLARAT
Black Ball,BALLARAT
Freemasonss,BALLARAT
British Nth American,BALLARAT
Western,BALLARAT
Prince Alfred,BALLARAT
Regatta Club,BALLARAT
Royal Geroge,BALLARAT
Green Harp,BALLARAT
Dunks,BALLARAT
Bristol,BALLARAT
Kilkenny & Dublin,BALLARAT
Foleys,BALLARAT
St Nicholas,BALLARAT
Limerick City,BALLARAT
Rock of Cashel,BALLARAT
Clyde,BALLARAT
Sawyers Arms,BALLARAT
Eastern,BALLARAT
New Grove,BALLARAT
Soldiers Hill,BALLARAT
Issbills,BALLARAT
Farmers Return,BALLARAT
Grasshopper,BALLARAT
Welsh Harp,BALLARAT
Pacific,BALLARAT
Knights,BALLARAT
Royal Mail,BALLARAT
Western Brigade,BALLARAT
Kerry,BALLARAT
North Briton,BALLARAT
Myrtle,BALLARAT
Menhennets,BALLARAT
Railway Terminus,BALLARAT
Specimen Hill,BALLARAT
United Kingdom,BALLARAT
Lord Nelson,BALLARAT
Northumberland Arms,BALLARAT
Mt Pleasant,BALLARAT
Pallas Gream,BALLARAT
Sun,BALLARAT
Dutch Harry,BALLARAT
Lubertia Club,BALLARAT
Parade,BALLARAT
Royal Saxon,BALLARAT
Wendouree,BALLARAT
Rising Sun,BALLARAT
Barkers Smithy,BALLARAT
Cronks Bucher Shop,BALLARAT
C of E Vicarage,BALLARAT
McKays Works,BALLARAT
Alfred Hall,BALLARAT
Cricketers Arms,BALLARAT
Challangers,BALLARAT
Mains,BALLARAT
Turf,BALLARAT
Alfred the Great,BALLARAT
Bank,BALLARAT
Ayshire Tavern,BALLARAT
Tattersalls,BALLARAT
Kavanaghs,BALLARAT
City of Cork,BALLARAT
Ancient Druid,BALLARAT
Holloways Factory,BALLARAT
Belmore Arms,BALLARAT
Iona,BALLARAT
Bignells,BALLARAT
Court,BALLARAT
Jamiesons,BALLARAT
Woodmans,BALLARAT
Eagle,BALLARAT
West Freehold,BALLARAT
Racecourse,BALLARAT
Masons Arms,BALLARAT
Bellevue,BALLARAT
Hand in Hand,BALLARAT
Dana,BALLARAT
Morning Star,BALLARAT
St Mungo,BALLARAT
Millers Arms,BALLARAT
Flower of Erin,BALLARAT
Castle & Bowl,BALLARAT
Sir Charles Darling,BALLARAT
Redan Club,BALLARAT
New Market,BALLARAT
Koh-I-Noor,BALLARAT
City Hall,BALLARAT
Sir William Don,BALLARAT
Hislops,BALLARAT
Glencoe,BALLARAT
Newcastle,BALLARAT
Kohls Family,BALLARAT
Antwerp,BALLARAT
Ballarat & Smythesdale,BALLARAT
Extended No 2,BALLARAT
Clan Ricarde,BALLARAT
Fallow,BALLARAT
Flying Squadron,BALLARAT
Munster,BALLARAT
Heart in Hand,BALLARAT
Waverley,BALLARAT
Golden Empire,BALLARAT
Cricket Club,BALLARAT
Nightingale,BALLARAT
Ivey Green,BALLARAT
Walshs Family,BALLARAT
Southern Star,BALLARAT
Stock Exchange,BALLARAT
Royal Alfred,BALLARAT
Dew Drop,BALLARAT
Band & Hand,BALLARAT
Sharps Produce St,BALLARAT
Shears,BALLARAT
Redan Mines,BALLARAT
Harrisons,BALLARAT
Longs Sunshine Biscuit Fty,BALLARAT
Bouderts,BALLARAT
Princess,BALLARAT
Wests,BALLARAT
Pearces Store,BALLARAT
Grape Vine,BALLARAT
Bush Inn,BALLARAT
American Club,BALLARAT
Gong Gong,BALLARAT
Cremorne,BALLARAT
Gannymede,BALLARAT
Suburban,BALLARAT
Watermans Arms,BALLARAT
Tarriff,BALLARAT
Pennyweight,BALLARAT
Saddlers Arms,BALLARAT
Limerick & Templemore,BALLARAT
Dew Drop Inn,BALLARAT
New Eglington,BALLARAT
Star of Erin,BALLARAT
Fellmongers Arms,BALLARAT
Woolpack,BALLARAT
Golden Crown,BALLARAT
Melbourne Cup,BALLARAT
Garibaldi,BALLARAT
Sutton,BALLARAT
Exxex,BALLARAT
Carriers,BALLARAT
Verdon,BALLARAT
Baron Wolseley,BALLARAT
Ballt Palace,BALLARAT
Ben Jonson,BALLARAT
Evans,BALLARAT
Lusitania,BALLARAT
North Humberland Arms,BALLARAT
Sir Wm Wallace,BALLARAT
Staffordshire Arms,BALLARAT
Athletic Club,BALLARAT
Gervasoni Stores,BALLARAT
Peoples Metropole,BALLARAT
Western Station,BALLARAT
St Johns,BALLARAT
Bongiornos Fruit Shop,BALLARAT
Canberra,BALLARAT
North City,BALLARAT
Hobsons Shop,BALLARAT
Irwins Hrdrsr Sal,BALLARAT
Hagers,BALLARAT
Oxford Chambers,BALLARAT
Moreys Buildings,BALLARAT
National Bank,BALLARAT
Regent Pict. Theatre,BALLARAT
Ascot Motor Garage,BALLARAT
Railway,BANNOCKBURN
Somerset,BANNOCKBURN
Leigh Road,BANNOCKBURN
Western,BANNOCKBURN
Royal,BEAUFORT
Barley Mow,BEAUFORT
Red Lion,BEAUFORT
London Tavern,BEAUFORT
Garibaldi,BEAUFORT
Golden Lion,BEAUFORT
Camp,BEAUFORT
Beaufort,BEAUFORT
Commercial,BEAUFORT
Victoria,BEAUFORT
Auld Reekie,BEAUFORT
Court House,BEAUFORT
Crescent City,BEAUFORT
Garabaldi,BEAUFORT
Golden Age,BEAUFORT
Gerards,BEAUFORT
Bicknalls,BEAUFORT
Railway,BEAUFORT
All Nations,BEAUFORT
George,BEAUFORT
Farmers,BEAUFORT
Post Office,BEECHWORTH
Tanswells,BEECHWORTH
Star,BEECHWORTH
Beechworth,BEECHWORTH
El Dorado,BEECHWORTH
Union,BEECHWORTH
Star Hotel & Theatre,BEECHWORTH
Commercial & Family,BEECHWORTH
Criterion,BEECHWORTH
Empire,BEECHWORTH
Allied Arms,BEECHWORTH
Old Half-way House,BEECHWORTH
La Serena,BEECHWORTH
London Tavern,BEECHWORTH
Vine,BEECHWORTH
Albion,BEECHWORTH
Alliance,BEECHWORTH
Exchange,BEECHWORTH
Imperial,BEECHWORTH
Oriental,BEECHWORTH
Shamrock,BEECHWORTH
Victoria,BEECHWORTH
Temple Bar,BEECHWORTH
Yoxalls,BEECHWORTH
Harp of Erin,BEECHWORTH
Newtown,BEECHWORTH
Hibernian,BEECHWORTH
Corner,BEECHWORTH
Black Springs,BEECHWORTH
Dublin Inn,BEECHWORTH
Midland Counties,BEECHWORTH
Railway,BEECHWORTH
Water Right,BEECHWORTH
Hoong Hung,BEECHWORTH
All Nations,BEECHWORTH
Sun Quong Goon,BEECHWORTH
Central,BEECHWORTH
Wy Kee,BEECHWORTH
Town View,BEECHWORTH
Federal,BEECHWORTH
Wardens,BEECHWORTH
Nicholas,BEECHWORTH
Victoria,BENALLA
North Eastern,BENALLA
Benalla,BENALLA
Royal,BENALLA
Black Swan Hotel & Brewery,BENALLA
Broken River,BENALLA
Commercial,BENALLA
Liverpool Arms,BENALLA
Black Swan,BENALLA
Farmers Arms,BENALLA
Five Alls,BENALLA
Shamrock,BENALLA
Ryders,BENALLA
Star,BENALLA
Vineyard,BENALLA
Newmarket,BENALLA
Railway,BENALLA
Australian,BENALLA
Benalla Club,BENALLA
Racecourse,BENALLA
Loch Earn,BENALLA
Carriers Arms,BENALLA
Shamrock Coffee Palace,BENALLA
Mt Pleasant,BENALLA
Cricketers Arms,BENDIGO
Three Tvns,BENDIGO
Kennington,BENDIGO
Violet Street,BENDIGO
Queen St,BENDIGO
Suburban,BENDIGO
Noahs Ark,BENDIGO
Niagara,BENDIGO
Lyceum,BENDIGO
Kensington,BENDIGO
New Chum,BENDIGO
Shenandoah & Shamrock,BENDIGO
Rosalind Park,BENDIGO
New Market,BENDIGO
Show Grouinds,BENDIGO
Windermere,BENDIGO
Newport,BENDIGO
South Atlas,BENDIGO
Southern Cross,BENDIGO
Spittles,BENDIGO
Normanby,BENDIGO
Spring Gully,BENDIGO
Oddfellows,BENDIGO
Star & Garter,BENDIGO
Oiive Branch,BENDIGO
Supreme Court,BENDIGO
Olympic,BENDIGO
Telegraph,BENDIGO
One Tree Hill,BENDIGO
Temple Court,BENDIGO
Orient,BENDIGO
Terminus,BENDIGO
Oriental,BENDIGO
Three Tuns,BENDIGO
Park,BENDIGO
Town Hal,BENDIGO
Park View,BENDIGO
Turf Tavern,BENDIGO
Perseverance,BENDIGO
Tysons Reef,BENDIGO
Prince Bismark,BENDIGO
Unicorn,BENDIGO
Punchs,BENDIGO
Queens,BENDIGO
Union,BENDIGO
Queens Arms,BENDIGO
Queen Street,BENDIGO
Railway,BENDIGO
Union Jack,BENDIGO
Railway Bridge,BENDIGO
Rainbow,BENDIGO
United States of Aust,BENDIGO
Red Lion,BENDIGO
United States,BENDIGO
Reservoir,BENDIGO
Universal,BENDIGO
Victoria,BENDIGO
Rifle Brigade,BENDIGO
Victory,BENDIGO
Rising Sun,BENDIGO
View Bend,BENDIGO
Robert Burns,BENDIGO
View Point,BENDIGO
Rock of Cashel,BENDIGO
Violet St,BENDIGO
Royal,BENDIGO
Washington,BENDIGO
Royal Duke,BENDIGO
Waterloo,BENDIGO
Royal George,BENDIGO
West End,BENDIGO
Royal Mail,BENDIGO
Royal Oak,BENDIGO
Royal Princess,BENDIGO
Saleyards,BENDIGO
Sandhurst,BENDIGO
Saw Mills,BENDIGO
Shamrock,BENDIGO
Yorkshire,BENDIGO
Greyhound,BENDIGO
Coach & Horses,BENDIGO
Limerick,BENDIGO
Glasgow Arms,BENDIGO
Mizen Top,BENDIGO
Her Majestys,BENDIGO
Five Lions,BENDIGO
Athenaeum Club,BENDIGO
Court House,BENDIGO
Albert,BENDIGO
Olive Branch,BENDIGO
Lake View,BENDIGO
Brickmakers Arms,BENDIGO
Limerick Castle,BENDIGO
Albion,BENDIGO
Alll Nations,BENDIGO
Brian Boru,BENDIGO
City Club,BENDIGO
Builders Arms,BENDIGO
Kent,BENDIGO
Britannia,BENDIGO
Mechanics,BENDIGO
Black Swan,BENDIGO
Durham Ox,BENDIGO
Junction,BENDIGO
Beehive Mining Exchange,BENDIGO
Hopetoun,BENDIGO
Law Courts,BENDIGO
Market,BENDIGO
Butts,BENDIGO
McRae St,BENDIGO
Kent Brewery,BENDIGO
Criterion,BENDIGO
Masonic,BENDIGO
Exchange,BENDIGO
Brougham Arms,BENDIGO
Clarendon,BENDIGO
Metropolitan,BENDIGO
Imperial Hustlers,BENDIGO
London,BENDIGO
City Brewery,BENDIGO
Town Hall,BENDIGO
Arcade,BENDIGO
Earl of Kimberley,BENDIGO
Cheshire Arms,BENDIGO
City,BENDIGO
Ennis,BENDIGO
Australian,BENDIGO
Gasworks,BENDIGO
Fire Brigade,BENDIGO
New Bridge,BENDIGO
Great Britain,BENDIGO
Bendigo,BENDIGO
All Nations,BENDIGO
Golden Square,BENDIGO
Red White & Blue,BENDIGO
Blue Bell Inn,BENDIGO
Camp,BENDIGO
Golden Gate,BENDIGO
Cumberland,BENDIGO
City Family,BENDIGO
Golden Age,BENDIGO
Tysons Reef Fam,BENDIGO
Crown,BENDIGO
Crescent,BENDIGO
Lancashire,BENDIGO
Barkley,BENDIGO
Foundry Arms,BENDIGO
Hibernia,BENDIGO
British Queen,BENDIGO
Duke of York,BENDIGO
Leinster,BENDIGO
Imperial,BENDIGO
Show Grounds,BENDIGO
Cavalry,BENDIGO
Harp of Shamrock,BENDIGO
McCrae St,BENDIGO
B B,BENDIGO
European,BENDIGO
National,BENDIGO
Clyde,BENDIGO
Lake Weeroona,BENDIGO
Kilker,BENDIGO
Masonic Shades,BENDIGO
American,BENDIGO
United Kingdom,BENDIGO
B B Brewery,BENDIGO
Adelaide Bry,BENDIGO
Hibernian,BENDIGO
Holtorfs,BENDIGO
Belfast Arms,BENDIGO
Golden Vine,BENDIGO
Mt Pleasant,BENDIGO
Denmark,BENDIGO
Fleece Inn,BENDIGO
Emu Point,BENDIGO
Viiolet St,BENDIGO
Southern Cross Palace,BENDIGO
Rose of Australia,BENDIGO
Bendigo & Northern Bry,BENDIGO
Beehive Mining Exch,BENDIGO
Adelaide Brewery,BENDIGO
Harp & Shamrock,BENDIGO
Foundary Arms,BENDIGO
Kilkee,BENDIGO
Coronation,BENDIGO
Empire,BRIGHT
Lone Star,BRIGHT
Morses Creek,BRIGHT
Lynchs,BRIGHT
Alpine,BRIGHT
Chalet,BRIGHT
Star,BRIGHT
Germanton,BRIGHT
Quon Kee,BRIGHT
Gleesons,BROADFORD
Broadford,BROADFORD
Junction,BROADFORD
Commercial,BROADFORD
Tower,CAMBERWELL
Leura,CAMPERDOWN
Commercial,CAMPERDOWN
Camperdown,CAMPERDOWN
Hampden,CAMPERDOWN
Ye Old Leura,CAMPERDOWN
La Mascotte,CASTLEMAINE
Criterion,CASTLEMAINE
Victoria,CASTLEMAINE
Albert,CASTLEMAINE
Prince of Wales,CASTLEMAINE
Castlemaine,CASTLEMAINE
Clarendon Inn,CASTLEMAINE
Carriers Arms,CASTLEMAINE
Monks,CASTLEMAINE
Royal Hotel & Theatre,CASTLEMAINE
Royal Mail,CASTLEMAINE
Freemansons,CASTLEMAINE
Commercial,CASTLEMAINE
Cumberland,CASTLEMAINE
Belle View,CASTLEMAINE
Exchange,CASTLEMAINE
Clydesdale,CASTLEMAINE
Metropolitan,CASTLEMAINE
Trembaths,CASTLEMAINE
French & English,CASTLEMAINE
Malakoff,CASTLEMAINE
Builders Arms,CASTLEMAINE
Mechanics Arms,CASTLEMAINE
Bignalls,CASTLEMAINE
Bedford,CASTLEMAINE
Railway,CASTLEMAINE
Royal Glengarry,CASTLEMAINE
Supreme Court,CASTLEMAINE
Deep Creek Inn,CASTLEMAINE
Albion,CASTLEMAINE
Princess Alice,CASTLEMAINE
Imperial,CASTLEMAINE
Garibaldi,CASTLEMAINE
Moloneys,CASTLEMAINE
Shamrock,CASTLEMAINE
Mystery,CASTLEMAINE
Diggers,CASTLEMAINE
Horse & Jockey,CASTLEMAINE
Grand Central Hotel & Dining Room,CASTLEMAINE
OHara Burke,CASTLEMAINE
Mount Alexander,CASTLEMAINE
Gellerts,CASTLEMAINE
Queens,CASTLEMAINE
Freemasons Bignells,CASTLEMAINE
Foresters Arms,CASTLEMAINE
Cornish,CASTLEMAINE
Caledonian,CASTLEMAINE
Niagara,CASTLEMAINE
Bridge Hotel & Grocer,CASTLEMAINE
Hotel De LEurope et Pension Suisse,CASTLEMAINE
Volunteer Tavern,CASTLEMAINE
Totts,CASTLEMAINE
Colliban,CASTLEMAINE
Beddards,CASTLEMAINE
Star,CASTLEMAINE
Farmers Arms,CASTLEMAINE
Goldsmiths,CASTLEMAINE
Devonshire Arms,CASTLEMAINE
Haymarket,CASTLEMAINE
Thwaites,CASTLEMAINE
Yandoit,CASTLEMAINE
Cricketers Arms,CASTLEMAINE
Crown,CASTLEMAINE
Council Club,CASTLEMAINE
The Old Lady of Threadneedle Street,CASTLEMAINE
Corner,CASTLEMAINE
Erin Go Bragh,CASTLEMAINE
Webbers Brighton Hotel & General Store,CASTLEMAINE
Druids,CASTLEMAINE
Harp of Erin,CASTLEMAINE
Railway Hotel,CASTLEMAINE
Old House at Home,CASTLEMAINE
British & American,CASTLEMAINE
Sebastopol,CASTLEMAINE
Lanes,CASTLEMAINE
Bristol Arms,CASTLEMAINE
Globe,CASTLEMAINE
Nags Head,CASTLEMAINE
Standard of Freedom,CASTLEMAINE
Beehive,CASTLEMAINE
View Point,CASTLEMAINE
Dunstans,CASTLEMAINE
Gardiners,CASTLEMAINE
Junction,CASTLEMAINE
Kettyles,CASTLEMAINE
Sporting Club,CASTLEMAINE
Central Club,CASTLEMAINE
Royal (Theatre),CASTLEMAINE
Town Hall,CASTLEMAINE
Richmond,CASTLEMAINE
Cobram,COBRAM
Royal Victoria,COBRAM
Grand Central,COBRAM
Royal,COLAC
Telegraph,COLAC
Oddfellows,COLAC
Victoria,COLAC
Victoria Hotel & Coach Office,COLAC
Colac,COLAC
Farmers Arms,COLAC
Great Western Hotel & Coach House,COLAC
Union Club,COLAC
Prince of Wales,COLAC
Wheelwrights Arms,COLAC
Brewers Arms,COLAC
Brewers Arms & Rail Ref Rooms,COLAC
Great Western,COLAC
Commercial,COLAC
Austral,COLAC
Oriental,COLAC
Dunbars,DANDENONG
Dandenong,DANDENONG
Royal,DANDENONG
Newmarket,DANDENONG
Bridge,DANDENONG
Dunbars Family,DANDENONG
Albion,DANDENONG
Shamrock,DANDENONG
Club,DANDENONG
Hodges Belle Vue,DAYLESFORD
Shades,DAYLESFORD
Freemasons Hotel & Concert Hall,DAYLESFORD
Manchester,DAYLESFORD
Commercial,DAYLESFORD
Daylesford,DAYLESFORD
Wombat,DAYLESFORD
Royal,DAYLESFORD
Royal Oak,DAYLESFORD
National,DAYLESFORD
Travesis,DAYLESFORD
Prince of Wales,DAYLESFORD
Union,DAYLESFORD
West of England,DAYLESFORD
White Star,DAYLESFORD
Belle Vue,DAYLESFORD
Red Lion,DAYLESFORD
Jamiesons Family,DAYLESFORD
Victoria,DAYLESFORD
Athens,DAYLESFORD
Farmers Arms,DAYLESFORD
Court House,DAYLESFORD
All Nations,DAYLESFORD
Imperial,DAYLESFORD
Albert,DAYLESFORD
Volunteer,DAYLESFORD
Argus,DAYLESFORD
Liverpool Arms,DAYLESFORD
Shearers,DAYLESFORD
Moores,DAYLESFORD
Terminus,DAYLESFORD
Town Hall,DAYLESFORD
Jockey Club,DAYLESFORD
Golden Fleece,DAYLESFORD
Raglan,DAYLESFORD
Star,DAYLESFORD
Ivesons Dayesford,DAYLESFORD
Crown,DAYLESFORD
Queens Head,DAYLESFORD
Carriers Arms,DAYLESFORD
Fire Brigade,DAYLESFORD
Elm Tree,DAYLESFORD
Federal,DAYLESFORD
Wentworth,DAYLESFORD
Doncaster,DONCASTER
Tower,DONCASTER
Morning Star,DONCASTER
Steam Packet,ECHUCA
Palace,ECHUCA
Bridge,ECHUCA
Limerick Castle,ECHUCA
Hopwoods Old House,ECHUCA
Victoria Hotel & Produce Store,ECHUCA
Commercial,ECHUCA
Echuca,ECHUCA
Hopwoods,ECHUCA
Redmonds,ECHUCA
Caledonian Family,ECHUCA
Freemasons,ECHUCA
Murray River Hotel & Dining Rooms,ECHUCA
Criterion,ECHUCA
Wiltshire Arms,ECHUCA
Shamrock,ECHUCA
Alma,ECHUCA
Terminus,ECHUCA
Harp & Shamrock,ECHUCA
BellRock,ECHUCA
Riverine,ECHUCA
Jolly Waggoner,ECHUCA
Old House,ECHUCA
Bendigo,ECHUCA
Esplanade,ECHUCA
Wards,ECHUCA
Caledonian,ECHUCA
Duke of Edinburgh,ECHUCA
Star,ECHUCA
Town Hall,ECHUCA
Carriers Arms,ECHUCA
Taras Hall,ECHUCA
American,ECHUCA
Noahs Ark,ECHUCA
Cumberland,ECHUCA
Homebush,ECHUCA
Sale Yards,ECHUCA
Farmers Arms,ECHUCA
Post Office,ECHUCA
Crown,ECHUCA
All Nations,ECHUCA
Daylesford,ECHUCA
Ballarat,ECHUCA
Oddfellows,ECHUCA
Murray Bridge,ECHUCA
Union Club,ECHUCA
European,ECHUCA
Rodney,ECHUCA
Pastoral,ECHUCA
Belvidere,ECHUCA
Clarence,ECHUCA
Southern Cross Hotel Cash Store & Post Office,ECHUCA
West End,ECHUCA
Federal Club,ECHUCA
Royal,ECHUCA
Federal,ECHUCA
Globe & Crossenvale,ECHUCA
Echuca North,ECHUCA
Travellers Rest,ECHUCA
Lake Wallace,EDENHOPE
Edenhope Inn,EDENHOPE
Edgecombe Hotel & Store,EDGECOMBE
Railway,EUROA
Euroa Inn,EUROA
Pilgrim Inn,EUROA
Royal Oak,EUROA
Pilgrim,EUROA
Farmers Arms,EUROA
North Eastern,EUROA
Bay View,FRANKSTON
Frankston,FRANKSTON
Ritchies,FRANKSTON
Pier,FRANKSTON
Prince of Wales,FRANKSTON
Greenwoods Fam,GEELONG
Red Light,GEELONG
Macks,GEELONG
Retreat Inn,GEELONG
Woolpack Inn,GEELONG
Commercial,GEELONG
Corio,GEELONG
Heart of Midlothian,GEELONG
Ashby,GEELONG
Caledonian,GEELONG
Thistle Inn,GEELONG
Eureka,GEELONG
Shearers Arms,GEELONG
Wheatsheaf,GEELONG
Barwon Inn,GEELONG
Farmers,GEELONG
Victoria,GEELONG
Royal Exchange,GEELONG
Thistle,GEELONG
Shamrock Inn,GEELONG
Woolpack,GEELONG
Fitzroy Arms,GEELONG
Dan OConnell,GEELONG
Daniel OConnell,GEELONG
Harp of Erin,GEELONG
Joiners Arms,GEELONG
Rock of Cashel,GEELONG
Shamrock,GEELONG
Royal,GEELONG
Scotts,GEELONG
Black Bull,GEELONG
Hibernia,GEELONG
Punt (Barwon),GEELONG
Red Lion,GEELONG
Scottish Chief,GEELONG
Ship Inn,GEELONG
Sir William Wallace,GEELONG
Albion,GEELONG
Australian Inn,GEELONG
Britannia,GEELONG
Builders Arms,GEELONG
Kildare,GEELONG
Lord Nelson,GEELONG
Petrel,GEELONG
Prince Albert,GEELONG
Prince of Wales,GEELONG
Royal Oak,GEELONG
Brian Boru,GEELONG
Bridge Inn,GEELONG
Bunyip,GEELONG
Golden Fleece,GEELONG
Harp,GEELONG
Nelsons Victory,GEELONG
Rising Sun,GEELONG
Sawyers Arms,GEELONG
Sportsmans Arms,GEELONG
Steam Packet,GEELONG
Union,GEELONG
Young Queen,GEELONG
Moorabool Inn,GEELONG
Union Inn,GEELONG
Ocean Child,GEELONG
Royal Mail,GEELONG
Queenss Head,GEELONG
Scottish Chiefs Inn,GEELONG
Bush Inn,GEELONG
Clare,GEELONG
Freemasons,GEELONG
London,GEELONG
Queens Head,GEELONG
Racecourse,GEELONG
Stag & Hounds,GEELONG
OFarrells Sale Yards,GEELONG
Belle Vue,GEELONG
British,GEELONG
Court House,GEELONG
Cremorne,GEELONG
Cricket Club,GEELONG
Crown,GEELONG
C- - - - - -N Castle,GEELONG
Duke of Wellington,GEELONG
Globe Inn,GEELONG
Imperial,GEELONG
Oxford Arms,GEELONG
Prestons,GEELONG
Railway,GEELONG
Steam Coach,GEELONG
St George,GEELONG
Windsor Castle,GEELONG
Black Swan,GEELONG
Bellport,GEELONG
City of Norwich,GEELONG
Edinburgh Castle,GEELONG
Gamekeepers,GEELONG
Geelong,GEELONG
Glenmore,GEELONG
Gold Diggers Arms,GEELONG
Great Western,GEELONG
Great Isle,GEELONG
Gundrys,GEELONG
Latrobe,GEELONG
Nugget,GEELONG
Oddfellows,GEELONG
Olive Branch,GEELONG
Plough Inn,GEELONG
Prince Arthur Inn,GEELONG
Rosemary Branch,GEELONG
Shakespeare,GEELONG
Shirley Inn,GEELONG
Sir Charles Hotham,GEELONG
Telegraph,GEELONG
Terminus,GEELONG
Western,GEELONG
Royal Highlander,GEELONG
Duke of York,GEELONG
Geelong & Ballarat,GEELONG
Golden Age,GEELONG
Governor Hotham,GEELONG
Haymarket,GEELONG
Queen of the South,GEELONG
Travellers Rest,GEELONG
Watchmakers Arms,GEELONG
Commun Na Feinne,GEELONG
Derby Arms,GEELONG
Newtown,GEELONG
Portarlington,GEELONG
Roebuck,GEELONG
Royal Charter,GEELONG
Star,GEELONG
Waggon & Horses,GEELONG
Argyle,GEELONG
Barwon Bridge,GEELONG
Botanical Gardens,GEELONG
Carlow,GEELONG
Carriers Arms,GEELONG
Doughenys,GEELONG
George & Dragon,GEELONG
Good Woman,GEELONG
Hotel de Ville,GEELONG
Limerick Arms,GEELONG
Manchester Arms,GEELONG
National,GEELONG
Newmarket,GEELONG
Clyde,GEELONG
St Georges,GEELONG
Red Lion Inn,GEELONG
Australian,GEELONG
Macs,GEELONG
Phoenix,GEELONG
Bawon Club,GEELONG
Grange Family,HAMILTON
Victoria,HAMILTON
Hamilton Inn,HAMILTON
Prince of Wales,HAMILTON
Commercial,HAMILTON
Hamilton,HAMILTON
Racecourse,HAMILTON
Criterion,HAMILTON
Argyle Arms,HAMILTON
Railway,HAMILTON
Town Hall,HAMILTON
Caledonian,HAMILTON
Grand Central,HAMILTON
Crown,HORSHAM
Exchange,HORSHAM
Club,HORSHAM
Horsham,HORSHAM
Moores,HORSHAM
Welcome,HORSHAM
Wimmera,HORSHAM
Commercial,HORSHAM
National,HORSHAM
Wimmera Farmers Union,HORSHAM
Farmers Arms,HORSHAM
Royal,HORSHAM
Criterion,HORSHAM
Green Park,HORSHAM
Albion,HORSHAM
Victoria,HORSHAM
White Hart,HORSHAM
Bull & Mouth,HORSHAM
Railway,HORSHAM
Locarno,HORSHAM
Royal,KERANG
Kerang,KERANG
Loddon,KERANG
Bridge,KERANG
Commercial,KERANG
Shire Hall,KERANG
Gilbert Club,KERANG
Exchange,KERANG
Court House,KYNETON
Commercial,KYNETON
Royal,KYNETON
Harp of Erin,KYNETON
Shamrock,KYNETON
View Point,KYNETON
Railway,KYNETON
Newsmarket,KYNETON
Clare Castle,KYNETON
Albion,KYNETON
Crown,KYNETON
Junction,KYNETON
Criterion,KYNETON
Royal George,KYNETON
Robert Burns,KYNETON
Gold Diggers Arms,KYNETON
Royal Oak,KYNETON
Kyneton,KYNETON
Great Western,KYNETON
St Agnes,KYNETON
Mechanics Arms,KYNETON
Belliss Family,KYNETON
Emdens Junction,KYNETON
Terminus,KYNETON
College,KYNETON
Alexanders,KYNETON
Freemasons,KYNETON
Queens Head,KYNETON
Oak,KYNETON
Victorian,KYNETON
Weighbridge,KYNETON
Prince Patrick,KYNETON
Alexanders Family,KYNETON
Farmers Arms,KYNETON
Harvest Home,KYNETON
Volunteer,KYNETON
Wedgewoods,KYNETON
Railway Station,KYNETON
Town Hall,KYNETON
Shire Arms,KYNETON
Club,KYNETON
Langley,KYNETON
Ashleys Family,KYNETON
Commercial,LEONGATHA
Otago,LEONGATHA
Lilydale Hotel & Store,LILYDALE
Commercial Hotel & Store,LILYDALE
Crown,LILYDALE
Hope,LILYDALE
Lithgows Lilydale,LILYDALE
Black Springs,LILYDALE
Olinda,LILYDALE
Exchange,MANSFIELD
Delatite,MANSFIELD
Royal,MANSFIELD
Mansfield,MANSFIELD
Commercial,MANSFIELD
Conlans Delatite,MANSFIELD
McIvor,MARYBOROUGH
Golden Age,MARYBOROUGH
Gold Diggers Arms,MARYBOROUGH
National,MARYBOROUGH
Bull & Mouth,MARYBOROUGH
Bristol Hill,MARYBOROUGH
Commercial,MARYBOROUGH
Freemasons Tavern,MARYBOROUGH
Bristol Arms,MARYBOROUGH
Camp,MARYBOROUGH
Freemasons,MARYBOROUGH
Maryborough,MARYBOROUGH
Nth British,MARYBOROUGH
Supreme Court,MARYBOROUGH
Talbot,MARYBOROUGH
Telegraph,MARYBOROUGH
Two Brewers,MARYBOROUGH
Union,MARYBOROUGH
Cambrian,MARYBOROUGH
Albion,MARYBOROUGH
Railway,MARYBOROUGH
Park,MARYBOROUGH
Flagstaff Reef,MARYBOROUGH
Flagstaff,MARYBOROUGH
Leviathan,MARYBOROUGH
Albion,MELBOURNE
Raglan,MELTON
Royal,MELTON
Golden Fleece,MELTON
Minns,MELTON
Miners,MELTON
Rose & Crown,MELTON
Commercial,MILDURA
Grand,MILDURA
Wintersun,MILDURA
Farmers Arms,NHILL
Union,NHILL
Commercial,NHILL
Royal,NHILL
New Treasury,NHILL
Tattersalls,NHILL
Latrobe Inn,PAKENHAM
Pakenham,PAKENHAM
Bourkes,PAKENHAM
Gippsland,PAKENHAM
Gembrook Pakenham,PAKENHAM
Stag,PORT FAIRY
Rising Sun,PORT FAIRY
Merrijig Inn,PORT FAIRY
Royal Merrijig Inn,PORT FAIRY
Belfast Inn,PORT FAIRY
Farmers,PORT FAIRY
Commercial,PORT FAIRY
Caledonian,PORT FAIRY
Belfast,PORT FAIRY
Union,PORT FAIRY
Star of the West,PORT FAIRY
Bank,PORT FAIRY
Farmers Inn,PORT FAIRY
New Inn,PORT FAIRY
Market,PORT FAIRY
Victoria,PORT FAIRY
White Hart,PORT FAIRY
Tennysons,PORT FAIRY
Macs,PORTLAND
London,PORTLAND
McKenzies Family,PORTLAND
Golden Fleece,PORTLAND
Portland Bay,PORTLAND
Commercial,PORTLAND
Portland Inn,PORTLAND
Steam Packet Inn,PORTLAND
Union Inn,PORTLAND
Britannia,PORTLAND
Halfway House,PORTLAND
Lamb Inn,PORTLAND
Richmond Family,PORTLAND
Tasmanian Inn,PORTLAND
Builders Arms,PORTLAND
Steam Packet,PORTLAND
Star,PORTLAND
Tasmanian,PORTLAND
Caledonian Inn,PORTLAND
Royal,PORTLAND
Lotts Family,PORTLAND
Union,PORTLAND
Lamb,PORTLAND
Victoria,PORTLAND
Forest Inn,PORTLAND
Club,PORTLAND
Commercial Inn,PORTLAND
Wheatsheaf,PORTLAND
Gordon,PORTLAND
Portland,PORTLAND
Palace,QUEENSCLIFF
Halfway House,QUEENSCLIFF
Commercial,QUEENSCLIFF
Royal,QUEENSCLIFF
Swan Hill House,QUEENSCLIFF
Barkly Arms,QUEENSCLIFF
Australian,QUEENSCLIFF
Family,QUEENSCLIFF
Australasian,QUEENSCLIFF
Victoria,QUEENSCLIFF
Esplanade,QUEENSCLIFF
Barkly,QUEENSCLIFF
Ozone,QUEENSCLIFF
Grand,QUEENSCLIFF
Queenscliff,QUEENSCLIFF
Bendigo,QUEENSCLIFF
Criterion,SALE
Shamrock,SALE
Woolpack,SALE
Royal Exchange,SALE
Star,SALE
Woolpack Inn,SALE
Club,SALE
Albion,SALE
Turf,SALE
Royal,SALE
Adelphi,SALE
Sale,SALE
Prince of Wales,SALE
Railway,SALE
Royal Oak,SALE
Market,SALE
Crown,SALE
La Trobe,SALE
Ballarat,SALE
Victoria,SALE
Swan,SALE
Terminus,SHEPPARTON
Emu Punt Inn,SHEPPARTON
Shepparton,SHEPPARTON
Prince of Wales,SHEPPARTON
Royal Mail,SHEPPARTON
Prince of Wales Hotel Store & Punt,SHEPPARTON
Criterion,SHEPPARTON
Court House,SHEPPARTON
Royal,SHEPPARTON
Farmers Arms,SHEPPARTON
Commercial,SHEPPARTON
Victoria,SHEPPARTON
Coghlans,SHEPPARTON
Union,SHEPPARTON
Goulburn Valley,SHEPPARTON
Union-Australia,SHEPPARTON
Commercial,STAWELL
Quartz Miners,STAWELL
Reefs,STAWELL
Machine,STAWELL
Western Turf,STAWELL
Camp,STAWELL
New Constitution,STAWELL
Shamrock,STAWELL
Constitution,STAWELL
Bull & Mouth,STAWELL
Burnsides,STAWELL
Hibernia,STAWELL
Castlemaine,STAWELL
Star,STAWELL
Cross Reefs,STAWELL
Albion,STAWELL
Royal Exchange,STAWELL
Belle Vue,STAWELL
Bridge,STAWELL
Cosmopolitan,STAWELL
Crown,STAWELL
European,STAWELL
Crown & Anchor,STAWELL
Magdala,STAWELL
Market,STAWELL
Miners Rest,STAWELL
National,STAWELL
Oriental,STAWELL
Post Office,STAWELL
Pleasant Creek,STAWELL
Provincial,STAWELL
Railway,STAWELL
Railway Terminus,STAWELL
Royal,STAWELL
Foresters,STAWELL
Court House,STAWELL
Tyrone,STAWELL
Town Hall,STAWELL
Bricklayers Arms,STAWELL
St George,STAWELL
Caledonian,STAWELL
Royal Oak,STAWELL
Swan,STAWELL
Golden Age,STAWELL
Unicorn,STAWELL
Club,STAWELL
Prince Patrick,STAWELL
Telegraph,STAWELL
Miners Welcome,STAWELL
Fire Brigade,STAWELL
Terminus,STAWELL
Bicycle Club,STAWELL
County Court,STAWELL
Commonwealth,STAWELL
Half-way House,STAWELL
Shamrock,SWAN HILL
Royal,SWAN HILL
White Swan,SWAN HILL
Federal,SWAN HILL
Tallangatta,TALLANGATTA
Victoria,TALLANGATTA
Crystal Springs,TALLANGATTA
Pioneer Palace,TORQUAY
Royal,WANGARATTA
Royal Victoria,WANGARATTA
Council Club Hotel & St Georges Hall,WANGARATTA
Hope Inn,WANGARATTA
Australian,WANGARATTA
Salutatiion,WANGARATTA
Meldrums,WANGARATTA
Commercial,WANGARATTA
Sydney,WANGARATTA
Salutation,WANGARATTA
Wangaratta,WANGARATTA
Royal Hotel & Theatre,WANGARATTA
Council Club,WANGARATTA
Horse & Jockey,WANGARATTA
Bulls Head,WANGARATTA
Black Eagle,WANGARATTA
Albion,WANGARATTA
Australasia,WANGARATTA
Bull & Mouth,WANGARATTA
Harp of Erin,WANGARATTA
Clare,WANGARATTA
Railway,WANGARATTA
Criterion,WANGARATTA
North Eastern,WANGARATTA
Royal Oak,WANGARATTA
Travellers Rest,WANGARATTA
Pinsent,WANGARATTA
Pincent,WANGARATTA
Hotel & Store,WARRACKNABEAL
Palace,WARRACKNABEAL
Warracknabeal,WARRACKNABEAL
Farmers Union,WARRACKNABEAL
Railway,WARRACKNABEAL
Royal,WARRACKNABEAL
Club,WARRACKNABEAL
Commercial,WARRACKNABEAL
Macs Royal,WARRACKNABEAL
Crown,WARRAGUL
Royal,WARRAGUL
Commercial,WARRAGUL
Orient,WARRAGUL
Club,WARRAGUL
Railway,WARRAGUL
Farmers Rest,WARRNAMBOOL
Warrnambool,WARRNAMBOOL
Victoria,WARRNAMBOOL
Western,WARRNAMBOOL
Commercial,WARRNAMBOOL
OMealleys,WARRNAMBOOL
Railway,WARRNAMBOOL
Bryen Boiroimre,WARRNAMBOOL
Royal,WARRNAMBOOL
Hopkins River,WARRNAMBOOL
Rising Sun,WARRNAMBOOL
Caledonian,WARRNAMBOOL
Royal Exchange,WARRNAMBOOL
Royal Archer,WARRNAMBOOL
Dobsons,WARRNAMBOOL
Family,WARRNAMBOOL
Duchess of Kent,WARRNAMBOOL
Chisholms,WARRNAMBOOL
Flying Buck,WARRNAMBOOL
Hopkins Ferry,WARRNAMBOOL
Royal Temperance,WARRNAMBOOL
Princess Alexandra,WARRNAMBOOL
Calendonia,WARRNAMBOOL
Hibernian,WARRNAMBOOL
Prince of Wales,WARRNAMBOOL
Marine,WARRNAMBOOL
Foresters Arms,WARRNAMBOOL
Terminus,WARRNAMBOOL
Criterion,WARRNAMBOOL
Anglers,WARRNAMBOOL
Turf Club,WARRNAMBOOL
Union,WARRNAMBOOL
Brian Boru,WARRNAMBOOL
Olive Branch,WARRNAMBOOL
Princess Royal,WARRNAMBOOL
Taylors Family,WARRNAMBOOL
Otway,WARRNAMBOOL
National,WARRNAMBOOL
Victoria Market,WARRNAMBOOL
Bay View,WARRNAMBOOL
Tattersalls,WARRNAMBOOL
Hennessys,WARRNAMBOOL
Ozone,WARRNAMBOOL
Pietor Both,WARRNAMBOOL
Half-Way House,WARRNAMBOOL
Market,WARRNAMBOOL
Eckers,WARRNAMBOOL
Grand Central,WARRNAMBOOL
Macs,WARRNAMBOOL
Farmers,WARRNAMBOOL
Royal,WEDDERBURN
San Francisco,WEDDERBURN
Wedderburn,WEDDERBURN
Simpsons,WEDDERBURN
Victoria,WEDDERBURN
Commercial,WEDDERBURN
Golden Fleece,WEDDERBURN
Armstrongs,WERRIBEE
Bridge Inn,WERRIBEE
Camp,WERRIBEE
Anglers,WERRIBEE
Racecourse,WERRIBEE
Club,WERRIBEE
Bridge,WERRIBEE
Commercial,WERRIBEE
Walls,WERRIBEE
Dalhousie,WODONGA
Springfield,WODONGA
Railway,WODONGA
Sydney,WODONGA
Woodend,WODONGA
London & Liverpool,WODONGA
Highland Chief,WODONGA
Victoria,WODONGA
Wodonga,WODONGA
Border,WODONGA
Carriers Arms,WODONGA
Imperial Hotel & Wodonga Store,WODONGA
Junction,WODONGA
Terminus,WODONGA
Commercial,WODONGA
Half-way House,WODONGA
Powlett Hostel,WONTHAGGI
Powlet,WONTHAGGI
State Mine,WONTHAGGI
Wonthaggi,WONTHAGGI
Royal Mine,WYCHEPROOF
Terminus,WYCHEPROOF
Mt Wycheproof,WYCHEPROOF
Post Office Club,WYCHEPROOF
Royal Mail,WYCHEPROOF
Royal,WYCHEPROOF
